sku,base_image,errors
10001,10001*,"Wrong URL/path used for attribute image"
10001-S,10001-S*,"Wrong URL/path used for attribute image"
10003,10003*,"Wrong URL/path used for attribute image"
10004,10003*,"Wrong URL/path used for attribute image"
10005,10003*,"Wrong URL/path used for attribute image"
10006,10003*,"Wrong URL/path used for attribute image"
10007,10003*,"Wrong URL/path used for attribute image"
10008,10003*,"Wrong URL/path used for attribute image"
10009,10003*,"Wrong URL/path used for attribute image"
10010,10003*,"Wrong URL/path used for attribute image"
10011,10003*,"Wrong URL/path used for attribute image"
10012,10003*,"Wrong URL/path used for attribute image"
10013,10003*,"Wrong URL/path used for attribute image"
10057,10057*,"Wrong URL/path used for attribute image"
10060,10060*,"Wrong URL/path used for attribute image"
10062,10062*,"Wrong URL/path used for attribute image"
10063,10063*,"Wrong URL/path used for attribute image"
10094,10094*,"Wrong URL/path used for attribute image"
10094-M,10094-M*,"Wrong URL/path used for attribute image"
10137-DBE,10137-DBE*,"Wrong URL/path used for attribute image"
10137-LGN,10137-LGN*,"Wrong URL/path used for attribute image"
10145,10145*,"Wrong URL/path used for attribute image"
10155,10155*,"Wrong URL/path used for attribute image"
10156,10156*,"Wrong URL/path used for attribute image"
10157,10157*,"Wrong URL/path used for attribute image"
10158,10158*,"Wrong URL/path used for attribute image"
10159,10159*,"Wrong URL/path used for attribute image"
10178,10178*,"Wrong URL/path used for attribute image"
10180-BE,10180-BE*,"Wrong URL/path used for attribute image"
10180-BK,10180-BK*,"Wrong URL/path used for attribute image"
10180-RD,10180-RD*,"Wrong URL/path used for attribute image"
10192,10192*,"Wrong URL/path used for attribute image"
10193-M,10193-M*,"Wrong URL/path used for attribute image"
10193-S,10193-S*,"Wrong URL/path used for attribute image"
10201-RD,10201-RD*,"Wrong URL/path used for attribute image"
10201-S,10201-S*,"Wrong URL/path used for attribute image"
10203,10203*,"Wrong URL/path used for attribute image"
10204,10204*,"Wrong URL/path used for attribute image"
10210,10210*,"Wrong URL/path used for attribute image"
10211,10211*,"Wrong URL/path used for attribute image"
10212,10212*,"Wrong URL/path used for attribute image"
10230,10230*,"Wrong URL/path used for attribute image"
10246-RD,10246-RD*,"Wrong URL/path used for attribute image"
10251,10251*,"Wrong URL/path used for attribute image"
10252,10252*,"Wrong URL/path used for attribute image"
10258,10258*,"Wrong URL/path used for attribute image"
10259,10259*,"Wrong URL/path used for attribute image"
10260,10260*,"Wrong URL/path used for attribute image"
10261,10261*,"Wrong URL/path used for attribute image"
10262-MG,10262-MG*,"Wrong URL/path used for attribute image"
10264-WE,10264-WE*,"Wrong URL/path used for attribute image"
10266,10266*,"Wrong URL/path used for attribute image"
10268,10268*,"Wrong URL/path used for attribute image"
10269-BK,10269-BK*,"Wrong URL/path used for attribute image"
10274,10274*,"Wrong URL/path used for attribute image"
10275,10275*,"Wrong URL/path used for attribute image"
10280,10280*,"Wrong URL/path used for attribute image"
10281,10281*,"Wrong URL/path used for attribute image"
10282,10282*,"Wrong URL/path used for attribute image"
10283,10283*,"Wrong URL/path used for attribute image"
10284,10284*,"Wrong URL/path used for attribute image"
10284-M,10284-M*,"Wrong URL/path used for attribute image"
10285-BE,10285-BE*,"Wrong URL/path used for attribute image"
10285-BK,10285-BK*,"Wrong URL/path used for attribute image"
10286-BK,10286-BK*,"Wrong URL/path used for attribute image"
10286-WE,10286-WE*,"Wrong URL/path used for attribute image"
10289,10289*,"Wrong URL/path used for attribute image"
10290,10290*,"Wrong URL/path used for attribute image"
10291,10291*,"Wrong URL/path used for attribute image"
10292,10292*,"Wrong URL/path used for attribute image"
10294,10294*,"Wrong URL/path used for attribute image"
10295-BK,10295-BK*,"Wrong URL/path used for attribute image"
10295-SR,10295-SR*,"Wrong URL/path used for attribute image"
10296-BK,10296-BK*,"Wrong URL/path used for attribute image"
10296-SR,10296-SR*,"Wrong URL/path used for attribute image"
10297-BK,10297-BK*,"Wrong URL/path used for attribute image"
10297-DBE,10297-DBE*,"Wrong URL/path used for attribute image"
10297-DGN,10297-DGN*,"Wrong URL/path used for attribute image"
10297-GD,10297-GD*,"Wrong URL/path used for attribute image"
10297-OE,10297-OE*,"Wrong URL/path used for attribute image"
10297-SR,10297-SR*,"Wrong URL/path used for attribute image"
10298-BK,10298-BK*,"Wrong URL/path used for attribute image"
10298-RD,10298-RD*,"Wrong URL/path used for attribute image"
10300-GM,10300-GM*,"Wrong URL/path used for attribute image"
10301-GM,10301-GM*,"Wrong URL/path used for attribute image"
10303-BK,10303-BK*,"Wrong URL/path used for attribute image"
10303-DBE,10303-DBE*,"Wrong URL/path used for attribute image"
10303-DGY,10303-DGY*,"Wrong URL/path used for attribute image"
10303-LGN,10303-LGN*,"Wrong URL/path used for attribute image"
10303-OE,10303-OE*,"Wrong URL/path used for attribute image"
10303-RD,10303-RD*,"Wrong URL/path used for attribute image"
10303-SR,10303-SR*,"Wrong URL/path used for attribute image"
10306,10306*,"Wrong URL/path used for attribute image"
10307,10307*,"Wrong URL/path used for attribute image"
10308,10308*,"Wrong URL/path used for attribute image"
10309-BE,10309-BE*,"Wrong URL/path used for attribute image"
10309-BK,10309-BK*,"Wrong URL/path used for attribute image"
10309-LBE,10309-LBE*,"Wrong URL/path used for attribute image"
10309-LGN,10309-LGN*,"Wrong URL/path used for attribute image"
10309-LMG,10309-LMG*,"Wrong URL/path used for attribute image"
10309-OE,10309-OE*,"Wrong URL/path used for attribute image"
10309-PE,10309-PE*,"Wrong URL/path used for attribute image"
10309-RD,10309-RD*,"Wrong URL/path used for attribute image"
10309-WE,10309-WE*,"Wrong URL/path used for attribute image"
10311,10311*,"Wrong URL/path used for attribute image"
10312,10312*,"Wrong URL/path used for attribute image"
10313,10313*,"Wrong URL/path used for attribute image"
10314,10314*,"Wrong URL/path used for attribute image"
10315,10315*,"Wrong URL/path used for attribute image"
10316,10316*,"Wrong URL/path used for attribute image"
10317,10317*,"Wrong URL/path used for attribute image"
10318,10318*,"Wrong URL/path used for attribute image"
10319,10319*,"Wrong URL/path used for attribute image"
10320,10320*,"Wrong URL/path used for attribute image"
10321-BK,10321-BK*,"Wrong URL/path used for attribute image"
10322,10322*,"Wrong URL/path used for attribute image"
10325-BE,10325-BE*,"Wrong URL/path used for attribute image"
10325-DGY,10325-DGY*,"Wrong URL/path used for attribute image"
10327,10327*,"Wrong URL/path used for attribute image"
10328,10328*,"Wrong URL/path used for attribute image"
10329,10329*,"Wrong URL/path used for attribute image"
10330,10330*,"Wrong URL/path used for attribute image"
10331,10331*,"Wrong URL/path used for attribute image"
10332,10332*,"Wrong URL/path used for attribute image"
10333,10333*,"Wrong URL/path used for attribute image"
10334,10334*,"Wrong URL/path used for attribute image"
10335,10335*,"Wrong URL/path used for attribute image"
10336,10336*,"Wrong URL/path used for attribute image"
10337,10337*,"Wrong URL/path used for attribute image"
10338-BE,10338-BE*,"Wrong URL/path used for attribute image"
10338-BK,10338-BK*,"Wrong URL/path used for attribute image"
10338-LGN,10338-LGN*,"Wrong URL/path used for attribute image"
10338-RD,10338-RD*,"Wrong URL/path used for attribute image"
10338-WE,10338-WE*,"Wrong URL/path used for attribute image"
10338-YW,10338-YW*,"Wrong URL/path used for attribute image"
10339-BE,10339-BE*,"Wrong URL/path used for attribute image"
10339-BK,10339-BK*,"Wrong URL/path used for attribute image"
10339-LGN,10339-LGN*,"Wrong URL/path used for attribute image"
10339-RD,10339-RD*,"Wrong URL/path used for attribute image"
10339-WE,10339-WE*,"Wrong URL/path used for attribute image"
10339-YW,10339-YW*,"Wrong URL/path used for attribute image"
10340-BE,10340-BE*,"Wrong URL/path used for attribute image"
10340-RD,10340-RD*,"Wrong URL/path used for attribute image"
10341-BE,10341-BE*,"Wrong URL/path used for attribute image"
10341-BK,10341-BK*,"Wrong URL/path used for attribute image"
10341-OE,10341-OE*,"Wrong URL/path used for attribute image"
10341-RD,10341-RD*,"Wrong URL/path used for attribute image"
10341-WE,10341-WE*,"Wrong URL/path used for attribute image"
10341-YW,10341-YW*,"Wrong URL/path used for attribute image"
19011-SR/W,19011-SR_W*,"Wrong URL/path used for attribute image"
19013-SR/W,19013-SR_W*,"Wrong URL/path used for attribute image"
19017,19017*,"Wrong URL/path used for attribute image"
19018,19018*,"Wrong URL/path used for attribute image"
19022,19022*,"Wrong URL/path used for attribute image"
19023,19023*,"Wrong URL/path used for attribute image"
19027,19027*,"Wrong URL/path used for attribute image"
19031,19031*,"Wrong URL/path used for attribute image"
19033,19033*,"Wrong URL/path used for attribute image"
19036,19036*,"Wrong URL/path used for attribute image"
19037,19037*,"Wrong URL/path used for attribute image"
19039,19039*,"Wrong URL/path used for attribute image"
19040-BK,19040-BK*,"Wrong URL/path used for attribute image"
19040-SR,19040-SR*,"Wrong URL/path used for attribute image"
19042,19042*,"Wrong URL/path used for attribute image"
19043-BE,19043-BE*,"Wrong URL/path used for attribute image"
19043-BK,19043-BK*,"Wrong URL/path used for attribute image"
19043-RD,19043-RD*,"Wrong URL/path used for attribute image"
19043-SR,19043-SR*,"Wrong URL/path used for attribute image"
19044,19044*,"Wrong URL/path used for attribute image"
19045,19045*,"Wrong URL/path used for attribute image"
19046-BE,19046-BE*,"Wrong URL/path used for attribute image"
19046-BK,19046-BK*,"Wrong URL/path used for attribute image"
19046-RD,19046-RD*,"Wrong URL/path used for attribute image"
19046-SR,19046-SR*,"Wrong URL/path used for attribute image"
19047-BK,19047-BK*,"Wrong URL/path used for attribute image"
19047-SR,19047-SR*,"Wrong URL/path used for attribute image"
19048,19048*,"Wrong URL/path used for attribute image"
2010020,2010020*,"Wrong URL/path used for attribute image"
2010052,2010052*,"Wrong URL/path used for attribute image"
2010120,2010120*,"Wrong URL/path used for attribute image"
2010138,2010138*,"Wrong URL/path used for attribute image"
2010158,2010158*,"Wrong URL/path used for attribute image"
2010159,2010159*,"Wrong URL/path used for attribute image"
2010200,2010200*,"Wrong URL/path used for attribute image"
2010201,2010201*,"Wrong URL/path used for attribute image"
2050331,2050331*,"Wrong URL/path used for attribute image"
2060018,2060018*,"Wrong URL/path used for attribute image"
3010020,3010020*,"Wrong URL/path used for attribute image"
3010158,3010158*,"Wrong URL/path used for attribute image"
3010200,3010200*,"Wrong URL/path used for attribute image"
4010158,4010158*,"Wrong URL/path used for attribute image"
50002,50002*,"Wrong URL/path used for attribute image"
50007-M,50007-M*,"Wrong URL/path used for attribute image"
50013-M,50013-M*,"Wrong URL/path used for attribute image"
50015,50015*,"Wrong URL/path used for attribute image"
50019,50019*,"Wrong URL/path used for attribute image"
50020,50020*,"Wrong URL/path used for attribute image"
50021,50021*,"Wrong URL/path used for attribute image"
50022,50022*,"Wrong URL/path used for attribute image"
50038,50038*,"Wrong URL/path used for attribute image"
50042,50042*,"Wrong URL/path used for attribute image"
50046,50046*,"Wrong URL/path used for attribute image"
50046-M,50046-M*,"Wrong URL/path used for attribute image"
50057,50057*,"Wrong URL/path used for attribute image"
50058,50058*,"Wrong URL/path used for attribute image"
50061,50061*,"Wrong URL/path used for attribute image"
50072-M,50072-M*,"Wrong URL/path used for attribute image"
5010158,5010158*,"Wrong URL/path used for attribute image"
50103,50103*,"Wrong URL/path used for attribute image"
50108,50108*,"Wrong URL/path used for attribute image"
50178,50178*,"Wrong URL/path used for attribute image"
50185,50185*,"Wrong URL/path used for attribute image"
50192,50192*,"Wrong URL/path used for attribute image"
50240,50240*,"Wrong URL/path used for attribute image"
50264,50264*,"Wrong URL/path used for attribute image"
50290,50290*,"Wrong URL/path used for attribute image"
50306,50306*,"Wrong URL/path used for attribute image"
50314,50314*,"Wrong URL/path used for attribute image"
50334,50334*,"Wrong URL/path used for attribute image"
50347,50347*,"Wrong URL/path used for attribute image"
50347-DGY,50347-DGY*,"Wrong URL/path used for attribute image"
50347-OE,50347-OE*,"Wrong URL/path used for attribute image"
50354,50354*,"Wrong URL/path used for attribute image"
50354-DGY,50354-DGY*,"Wrong URL/path used for attribute image"
50403,50403*,"Wrong URL/path used for attribute image"
50439,50439*,"Wrong URL/path used for attribute image"
50464,50464*,"Wrong URL/path used for attribute image"
50485,50485*,"Wrong URL/path used for attribute image"
50524,50524*,"Wrong URL/path used for attribute image"
50542,50542*,"Wrong URL/path used for attribute image"
50581,50581*,"Wrong URL/path used for attribute image"
50588,50588*,"Wrong URL/path used for attribute image"
50589,50589*,"Wrong URL/path used for attribute image"
50592,50592*,"Wrong URL/path used for attribute image"
50601,50601*,"Wrong URL/path used for attribute image"
50611,50611*,"Wrong URL/path used for attribute image"
50612-SR,50612-SR*,"Wrong URL/path used for attribute image"
50615,50615*,"Wrong URL/path used for attribute image"
50616,50616*,"Wrong URL/path used for attribute image"
50617-SR,50617-SR*,"Wrong URL/path used for attribute image"
50623,50623*,"Wrong URL/path used for attribute image"
50636,50636*,"Wrong URL/path used for attribute image"
50652-BE,50652-BE*,"Wrong URL/path used for attribute image"
50656,50656*,"Wrong URL/path used for attribute image"
50660,50660*,"Wrong URL/path used for attribute image"
50664,50664*,"Wrong URL/path used for attribute image"
50672,50672*,"Wrong URL/path used for attribute image"
50673,50673*,"Wrong URL/path used for attribute image"
50674,50674*,"Wrong URL/path used for attribute image"
50675,50675*,"Wrong URL/path used for attribute image"
50679,50679*,"Wrong URL/path used for attribute image"
50682,50682*,"Wrong URL/path used for attribute image"
50690-BE,50690-BE*,"Wrong URL/path used for attribute image"
50690-GY,50690-GY*,"Wrong URL/path used for attribute image"
50690-SR,50690-SR*,"Wrong URL/path used for attribute image"
50694-BE,50694-BE*,"Wrong URL/path used for attribute image"
50694-BK,50694-BK*,"Wrong URL/path used for attribute image"
50694-BKR,50694-BKR*,"Wrong URL/path used for attribute image"
50694-DGN,50694-DGN*,"Wrong URL/path used for attribute image"
50694-LRD,50694-LRD*,"Wrong URL/path used for attribute image"
50694-M,50694-M*,"Wrong URL/path used for attribute image"
50694-MG,50694-MG*,"Wrong URL/path used for attribute image"
50694-RD,50694-RD*,"Wrong URL/path used for attribute image"
50694-S,50694-S*,"Wrong URL/path used for attribute image"
50694-WEC,50694-WEC*,"Wrong URL/path used for attribute image"
50703,50703*,"Wrong URL/path used for attribute image"
50703-DGY,50703-DGY*,"Wrong URL/path used for attribute image"
50703-OE,50703-OE*,"Wrong URL/path used for attribute image"
50719,50719*,"Wrong URL/path used for attribute image"
50732,50732*,"Wrong URL/path used for attribute image"
50733,50733*,"Wrong URL/path used for attribute image"
50776,50776*,"Wrong URL/path used for attribute image"
50793,50793*,"Wrong URL/path used for attribute image"
50801,50801*,"Wrong URL/path used for attribute image"
50805,50805*,"Wrong URL/path used for attribute image"
50806,50806*,"Wrong URL/path used for attribute image"
50810,50810*,"Wrong URL/path used for attribute image"
50811,50811*,"Wrong URL/path used for attribute image"
50812,50812*,"Wrong URL/path used for attribute image"
50822,50822*,"Wrong URL/path used for attribute image"
50823,50823*,"Wrong URL/path used for attribute image"
50826,50826*,"Wrong URL/path used for attribute image"
50847-RD,50847-RD*,"Wrong URL/path used for attribute image"
50858,50858*,"Wrong URL/path used for attribute image"
50868,50868*,"Wrong URL/path used for attribute image"
50883-GY,50883-GY*,"Wrong URL/path used for attribute image"
50884-CR,50884-CR*,"Wrong URL/path used for attribute image"
50884-GY,50884-GY*,"Wrong URL/path used for attribute image"
50891,50891*,"Wrong URL/path used for attribute image"
50895-SR,50895-SR*,"Wrong URL/path used for attribute image"
50903,50903*,"Wrong URL/path used for attribute image"
50904,50904*,"Wrong URL/path used for attribute image"
50920,50920*,"Wrong URL/path used for attribute image"
50931,50931*,"Wrong URL/path used for attribute image"
50936,50936*,"Wrong URL/path used for attribute image"
50937,50937*,"Wrong URL/path used for attribute image"
50943,50943*,"Wrong URL/path used for attribute image"
50950,50950*,"Wrong URL/path used for attribute image"
50952,50952*,"Wrong URL/path used for attribute image"
50973,50973*,"Wrong URL/path used for attribute image"
50976,50976*,"Wrong URL/path used for attribute image"
50981,50981*,"Wrong URL/path used for attribute image"
51002,51002*,"Wrong URL/path used for attribute image"
51003,51003*,"Wrong URL/path used for attribute image"
51006,51006*,"Wrong URL/path used for attribute image"
51012,51012*,"Wrong URL/path used for attribute image"
51015,51015*,"Wrong URL/path used for attribute image"
51018-BK,51018-BK*,"Wrong URL/path used for attribute image"
51032,51032*,"Wrong URL/path used for attribute image"
51033,51033*,"Wrong URL/path used for attribute image"
51035,51035*,"Wrong URL/path used for attribute image"
51048,51048*,"Wrong URL/path used for attribute image"
51062,51062*,"Wrong URL/path used for attribute image"
51069-BE,51069-BE*,"Wrong URL/path used for attribute image"
51069-RD,51069-RD*,"Wrong URL/path used for attribute image"
51069-SR,51069-SR*,"Wrong URL/path used for attribute image"
51069-WE,51069-WE*,"Wrong URL/path used for attribute image"
51071,51071*,"Wrong URL/path used for attribute image"
51078,51078*,"Wrong URL/path used for attribute image"
51079,51079*,"Wrong URL/path used for attribute image"
51082,51082*,"Wrong URL/path used for attribute image"
51084-OE,51084-OE*,"Wrong URL/path used for attribute image"
51085-BK,51085-BK*,"Wrong URL/path used for attribute image"
51085-GN,51085-GN*,"Wrong URL/path used for attribute image"
51085-LBE,51085-LBE*,"Wrong URL/path used for attribute image"
51085-RD,51085-RD*,"Wrong URL/path used for attribute image"
51091-LBE,51091-LBE*,"Wrong URL/path used for attribute image"
51105,51105*,"Wrong URL/path used for attribute image"
51112,51112*,"Wrong URL/path used for attribute image"
51113,51113*,"Wrong URL/path used for attribute image"
51140,51140*,"Wrong URL/path used for attribute image"
51154,51154*,"Wrong URL/path used for attribute image"
51155,51155*,"Wrong URL/path used for attribute image"
51161,51161*,"Wrong URL/path used for attribute image"
51165,51165*,"Wrong URL/path used for attribute image"
51170,51170*,"Wrong URL/path used for attribute image"
51173,51173*,"Wrong URL/path used for attribute image"
51176,51176*,"Wrong URL/path used for attribute image"
51181,51181*,"Wrong URL/path used for attribute image"
51182,51182*,"Wrong URL/path used for attribute image"
51187,51187*,"Wrong URL/path used for attribute image"
51195,51195*,"Wrong URL/path used for attribute image"
51196,51196*,"Wrong URL/path used for attribute image"
51197,51197*,"Wrong URL/path used for attribute image"
51198,51198*,"Wrong URL/path used for attribute image"
51202,51202*,"Wrong URL/path used for attribute image"
51206,51206*,"Wrong URL/path used for attribute image"
51207,51207*,"Wrong URL/path used for attribute image"
51208,51208*,"Wrong URL/path used for attribute image"
51213,51213*,"Wrong URL/path used for attribute image"
51214,51214*,"Wrong URL/path used for attribute image"
51225,51225*,"Wrong URL/path used for attribute image"
51240,51240*,"Wrong URL/path used for attribute image"
51241,51241*,"Wrong URL/path used for attribute image"
51242-BK,51242-BK*,"Wrong URL/path used for attribute image"
51251,51251*,"Wrong URL/path used for attribute image"
51265-BK,51265-BK*,"Wrong URL/path used for attribute image"
51290,51290*,"Wrong URL/path used for attribute image"
51291,51291*,"Wrong URL/path used for attribute image"
51294,51294*,"Wrong URL/path used for attribute image"
51295-GY,51295-GY*,"Wrong URL/path used for attribute image"
51299,51299*,"Wrong URL/path used for attribute image"
51310,51310*,"Wrong URL/path used for attribute image"
51311,51311*,"Wrong URL/path used for attribute image"
51323-RD,51323-RD*,"Wrong URL/path used for attribute image"
51327,51327*,"Wrong URL/path used for attribute image"
51330,51330*,"Wrong URL/path used for attribute image"
51338,51338*,"Wrong URL/path used for attribute image"
51339,51339*,"Wrong URL/path used for attribute image"
51340,51340*,"Wrong URL/path used for attribute image"
51341,51341*,"Wrong URL/path used for attribute image"
51348,51348*,"Wrong URL/path used for attribute image"
51350,51350*,"Wrong URL/path used for attribute image"
51351,51351*,"Wrong URL/path used for attribute image"
51354,51354*,"Wrong URL/path used for attribute image"
51356,51356*,"Wrong URL/path used for attribute image"
51357,51357*,"Wrong URL/path used for attribute image"
51358,51358*,"Wrong URL/path used for attribute image"
51359,51359*,"Wrong URL/path used for attribute image"
51360,51360*,"Wrong URL/path used for attribute image"
51361,51361*,"Wrong URL/path used for attribute image"
51364,51364*,"Wrong URL/path used for attribute image"
51367,51367*,"Wrong URL/path used for attribute image"
51369,51369*,"Wrong URL/path used for attribute image"
51371,51371*,"Wrong URL/path used for attribute image"
51374,51374*,"Wrong URL/path used for attribute image"
51376,51376*,"Wrong URL/path used for attribute image"
51377,51377*,"Wrong URL/path used for attribute image"
51377-S,51377-S*,"Wrong URL/path used for attribute image"
51377-SR,51377-SR*,"Wrong URL/path used for attribute image"
51378,51378*,"Wrong URL/path used for attribute image"
51381,51381*,"Wrong URL/path used for attribute image"
51391,51391*,"Wrong URL/path used for attribute image"
51393,51393*,"Wrong URL/path used for attribute image"
51394,51394*,"Wrong URL/path used for attribute image"
51401-BE,51401-BE*,"Wrong URL/path used for attribute image"
51401-RD,51401-RD*,"Wrong URL/path used for attribute image"
51401-WE,51401-WE*,"Wrong URL/path used for attribute image"
51402-WE,51402-WE*,"Wrong URL/path used for attribute image"
51405,51405*,"Wrong URL/path used for attribute image"
51410,51410*,"Wrong URL/path used for attribute image"
51412,51412*,"Wrong URL/path used for attribute image"
51413,51413*,"Wrong URL/path used for attribute image"
51414,51414*,"Wrong URL/path used for attribute image"
51415,51415*,"Wrong URL/path used for attribute image"
51416,51416*,"Wrong URL/path used for attribute image"
51417,51417*,"Wrong URL/path used for attribute image"
51418,51418*,"Wrong URL/path used for attribute image"
51419,51419*,"Wrong URL/path used for attribute image"
51423,51423*,"Wrong URL/path used for attribute image"
51424,51424*,"Wrong URL/path used for attribute image"
51427,51427*,"Wrong URL/path used for attribute image"
51428,51428*,"Wrong URL/path used for attribute image"
51430,51430*,"Wrong URL/path used for attribute image"
51433,51433*,"Wrong URL/path used for attribute image"
51437,51437*,"Wrong URL/path used for attribute image"
51438,51438*,"Wrong URL/path used for attribute image"
51440-BE,51440-BE*,"Wrong URL/path used for attribute image"
51440-WE,51440-WE*,"Wrong URL/path used for attribute image"
51441-BK,51441-BK*,"Wrong URL/path used for attribute image"
51441-RD,51441-RD*,"Wrong URL/path used for attribute image"
51441-WE,51441-WE*,"Wrong URL/path used for attribute image"
51442,51442*,"Wrong URL/path used for attribute image"
51443,51443*,"Wrong URL/path used for attribute image"
51444,51444*,"Wrong URL/path used for attribute image"
51445,51445*,"Wrong URL/path used for attribute image"
51454,51454*,"Wrong URL/path used for attribute image"
51455,51455*,"Wrong URL/path used for attribute image"
51457,51457*,"Wrong URL/path used for attribute image"
51458-BE,51458-BE*,"Wrong URL/path used for attribute image"
51458-GY,51458-GY*,"Wrong URL/path used for attribute image"
51458-RD,51458-RD*,"Wrong URL/path used for attribute image"
51460-BE,51460-BE*,"Wrong URL/path used for attribute image"
51460-BK,51460-BK*,"Wrong URL/path used for attribute image"
51460-RD,51460-RD*,"Wrong URL/path used for attribute image"
51460-WE,51460-WE*,"Wrong URL/path used for attribute image"
51462,51462*,"Wrong URL/path used for attribute image"
51467,51467*,"Wrong URL/path used for attribute image"
51467-BK,51467-BK*,"Wrong URL/path used for attribute image"
51469,51469*,"Wrong URL/path used for attribute image"
51472,51472*,"Wrong URL/path used for attribute image"
51473,51473*,"Wrong URL/path used for attribute image"
51474,51474*,"Wrong URL/path used for attribute image"
51475,51475*,"Wrong URL/path used for attribute image"
51476,51476*,"Wrong URL/path used for attribute image"
51477,51477*,"Wrong URL/path used for attribute image"
51478,51478*,"Wrong URL/path used for attribute image"
51480,51480*,"Wrong URL/path used for attribute image"
51481,51481*,"Wrong URL/path used for attribute image"
51482,51482*,"Wrong URL/path used for attribute image"
51483,51483*,"Wrong URL/path used for attribute image"
51487,51487*,"Wrong URL/path used for attribute image"
51493,51493*,"Wrong URL/path used for attribute image"
51494,51494*,"Wrong URL/path used for attribute image"
51495,51495*,"Wrong URL/path used for attribute image"
51496,51496*,"Wrong URL/path used for attribute image"
51497,51497*,"Wrong URL/path used for attribute image"
51498,51498*,"Wrong URL/path used for attribute image"
51499,51499*,"Wrong URL/path used for attribute image"
51501,51501*,"Wrong URL/path used for attribute image"
51502,51502*,"Wrong URL/path used for attribute image"
51503,51503*,"Wrong URL/path used for attribute image"
51504,51504*,"Wrong URL/path used for attribute image"
51505,51505*,"Wrong URL/path used for attribute image"
51508,51508*,"Wrong URL/path used for attribute image"
51509,51509*,"Wrong URL/path used for attribute image"
51510,51510*,"Wrong URL/path used for attribute image"
51511-BK,51511-BK*,"Wrong URL/path used for attribute image"
51511-SR,51511-SR*,"Wrong URL/path used for attribute image"
51512,51512*,"Wrong URL/path used for attribute image"
51514,51514*,"Wrong URL/path used for attribute image"
51517-BE,51517-BE*,"Wrong URL/path used for attribute image"
51517-LRD,51517-LRD*,"Wrong URL/path used for attribute image"
51518-BK,51518-BK*,"Wrong URL/path used for attribute image"
51518-LRD,51518-LRD*,"Wrong URL/path used for attribute image"
51518-SR,51518-SR*,"Wrong URL/path used for attribute image"
51518-WE,51518-WE*,"Wrong URL/path used for attribute image"
51519,51519*,"Wrong URL/path used for attribute image"
51520,51520*,"Wrong URL/path used for attribute image"
51521,51521*,"Wrong URL/path used for attribute image"
51522,51522*,"Wrong URL/path used for attribute image"
51523,51523*,"Wrong URL/path used for attribute image"
51524,51524*,"Wrong URL/path used for attribute image"
51528,51528*,"Wrong URL/path used for attribute image"
51530,51530*,"Wrong URL/path used for attribute image"
51531,51531*,"Wrong URL/path used for attribute image"
51533,51533*,"Wrong URL/path used for attribute image"
51534,51534*,"Wrong URL/path used for attribute image"
51535,51535*,"Wrong URL/path used for attribute image"
51537,51537*,"Wrong URL/path used for attribute image"
51538,51538*,"Wrong URL/path used for attribute image"
51540-BK,51540-BK*,"Wrong URL/path used for attribute image"
51540-WE,51540-WE*,"Wrong URL/path used for attribute image"
51541-BK,51541-BK*,"Wrong URL/path used for attribute image"
51541-WE,51541-WE*,"Wrong URL/path used for attribute image"
51546,51546*,"Wrong URL/path used for attribute image"
51549,51549*,"Wrong URL/path used for attribute image"
51550,51550*,"Wrong URL/path used for attribute image"
51551,51551*,"Wrong URL/path used for attribute image"
51552,51552*,"Wrong URL/path used for attribute image"
51554,51554*,"Wrong URL/path used for attribute image"
51555,51555*,"Wrong URL/path used for attribute image"
51556,51556*,"Wrong URL/path used for attribute image"
51557,51557*,"Wrong URL/path used for attribute image"
51558,51558*,"Wrong URL/path used for attribute image"
51559,51559*,"Wrong URL/path used for attribute image"
51560,51560*,"Wrong URL/path used for attribute image"
51562-GD,51562-GD*,"Wrong URL/path used for attribute image"
51562-SR,51562-SR*,"Wrong URL/path used for attribute image"
51563,51563*,"Wrong URL/path used for attribute image"
51566,51566*,"Wrong URL/path used for attribute image"
51567,51567*,"Wrong URL/path used for attribute image"
51568,51568*,"Wrong URL/path used for attribute image"
51569,51569*,"Wrong URL/path used for attribute image"
51570,51570*,"Wrong URL/path used for attribute image"
51571,51571*,"Wrong URL/path used for attribute image"
51572,51572*,"Wrong URL/path used for attribute image"
51574,51574*,"Wrong URL/path used for attribute image"
51576-GY,51576-GY*,"Wrong URL/path used for attribute image"
51576-RD,51576-RD*,"Wrong URL/path used for attribute image"
51577,51577*,"Wrong URL/path used for attribute image"
51578,51578*,"Wrong URL/path used for attribute image"
51579,51579*,"Wrong URL/path used for attribute image"
51580,51580*,"Wrong URL/path used for attribute image"
51581,51581*,"Wrong URL/path used for attribute image"
51582-LGY,51582-LGY*,"Wrong URL/path used for attribute image"
51583-LGY,51583-LGY*,"Wrong URL/path used for attribute image"
51584-LGY,51584-LGY*,"Wrong URL/path used for attribute image"
51585-LGY,51585-LGY*,"Wrong URL/path used for attribute image"
51586-LGY,51586-LGY*,"Wrong URL/path used for attribute image"
51587-LGY,51587-LGY*,"Wrong URL/path used for attribute image"
51592,51592*,"Wrong URL/path used for attribute image"
51593,51593*,"Wrong URL/path used for attribute image"
51594,51594*,"Wrong URL/path used for attribute image"
51595,51595*,"Wrong URL/path used for attribute image"
51596,51596*,"Wrong URL/path used for attribute image"
51601,51601*,"Wrong URL/path used for attribute image"
51602,51602*,"Wrong URL/path used for attribute image"
51603,51603*,"Wrong URL/path used for attribute image"
51604,51604*,"Wrong URL/path used for attribute image"
51606-BK,51606-BK*,"Wrong URL/path used for attribute image"
51606-SBE,51606-SBE*,"Wrong URL/path used for attribute image"
51606-SBK,51606-SBK*,"Wrong URL/path used for attribute image"
51608-BK,51608-BK*,"Wrong URL/path used for attribute image"
51608-SBE,51608-SBE*,"Wrong URL/path used for attribute image"
51608-SBK,51608-SBK*,"Wrong URL/path used for attribute image"
51610-BK,51610-BK*,"Wrong URL/path used for attribute image"
51610-OE,51610-OE*,"Wrong URL/path used for attribute image"
51610-SBK,51610-SBK*,"Wrong URL/path used for attribute image"
51612,51612*,"Wrong URL/path used for attribute image"
51613,51613*,"Wrong URL/path used for attribute image"
51614,51614*,"Wrong URL/path used for attribute image"
51615-BK,51615-BK*,"Wrong URL/path used for attribute image"
51615-RD,51615-RD*,"Wrong URL/path used for attribute image"
51615-WE,51615-WE*,"Wrong URL/path used for attribute image"
51618-BE,51618-BE*,"Wrong URL/path used for attribute image"
51618-BK,51618-BK*,"Wrong URL/path used for attribute image"
51618-RD,51618-RD*,"Wrong URL/path used for attribute image"
51618-WE,51618-WE*,"Wrong URL/path used for attribute image"
51619,51619*,"Wrong URL/path used for attribute image"
51620,51620*,"Wrong URL/path used for attribute image"
51621,51621*,"Wrong URL/path used for attribute image"
51623,51623*,"Wrong URL/path used for attribute image"
51625,51625*,"Wrong URL/path used for attribute image"
51626,51626*,"Wrong URL/path used for attribute image"
51627,51627*,"Wrong URL/path used for attribute image"
51629-BK,51629-BK*,"Wrong URL/path used for attribute image"
51629-SR,51629-SR*,"Wrong URL/path used for attribute image"
51629-WE,51629-WE*,"Wrong URL/path used for attribute image"
51630,51630*,"Wrong URL/path used for attribute image"
51631,51631*,"Wrong URL/path used for attribute image"
51632,51632*,"Wrong URL/path used for attribute image"
51633,51633*,"Wrong URL/path used for attribute image"
51634,51634*,"Wrong URL/path used for attribute image"
51635,51635*,"Wrong URL/path used for attribute image"
51636,51636*,"Wrong URL/path used for attribute image"
51637,51637*,"Wrong URL/path used for attribute image"
51638-S,51638-S*,"Wrong URL/path used for attribute image"
51639,51639*,"Wrong URL/path used for attribute image"
51640,51640*,"Wrong URL/path used for attribute image"
51641,51641*,"Wrong URL/path used for attribute image"
51642,51642*,"Wrong URL/path used for attribute image"
51643,51643*,"Wrong URL/path used for attribute image"
51644,51644*,"Wrong URL/path used for attribute image"
51645,51645*,"Wrong URL/path used for attribute image"
51647,51647*,"Wrong URL/path used for attribute image"
51648,51648*,"Wrong URL/path used for attribute image"
51649,51649*,"Wrong URL/path used for attribute image"
51650-BK,51650-BK*,"Wrong URL/path used for attribute image"
51650-SR,51650-SR*,"Wrong URL/path used for attribute image"
51651,51651*,"Wrong URL/path used for attribute image"
51652,51652*,"Wrong URL/path used for attribute image"
51653,51653*,"Wrong URL/path used for attribute image"
51654,51654*,"Wrong URL/path used for attribute image"
51655,51655*,"Wrong URL/path used for attribute image"
51656,51656*,"Wrong URL/path used for attribute image"
51657,51657*,"Wrong URL/path used for attribute image"
51658,51658*,"Wrong URL/path used for attribute image"
51659,51659*,"Wrong URL/path used for attribute image"
51660,51660*,"Wrong URL/path used for attribute image"
51661,51661*,"Wrong URL/path used for attribute image"
51663,51663*,"Wrong URL/path used for attribute image"
51665-WE,51665-WE*,"Wrong URL/path used for attribute image"
51666-BK,51666-BK*,"Wrong URL/path used for attribute image"
51666-WE,51666-WE*,"Wrong URL/path used for attribute image"
51667,51667*,"Wrong URL/path used for attribute image"
51668,51668*,"Wrong URL/path used for attribute image"
51669,51669*,"Wrong URL/path used for attribute image"
51671,51671*,"Wrong URL/path used for attribute image"
51672,51672*,"Wrong URL/path used for attribute image"
51673,51673*,"Wrong URL/path used for attribute image"
51674,51674*,"Wrong URL/path used for attribute image"
51676,51676*,"Wrong URL/path used for attribute image"
51677-BE,51677-BE*,"Wrong URL/path used for attribute image"
51677-BK,51677-BK*,"Wrong URL/path used for attribute image"
51677-RD,51677-RD*,"Wrong URL/path used for attribute image"
51677-SR,51677-SR*,"Wrong URL/path used for attribute image"
51679,51679*,"Wrong URL/path used for attribute image"
51681-BK,51681-BK*,"Wrong URL/path used for attribute image"
51681-S,51681-S*,"Wrong URL/path used for attribute image"
51683,51683*,"Wrong URL/path used for attribute image"
51684,51684*,"Wrong URL/path used for attribute image"
51685,51685*,"Wrong URL/path used for attribute image"
51688-WEBE,51688-WEBE*,"Wrong URL/path used for attribute image"
51688-WEBK,51688-WEBK*,"Wrong URL/path used for attribute image"
51688-WELGN,51688-WELGN*,"Wrong URL/path used for attribute image"
51688-WEMG,51688-WEMG*,"Wrong URL/path used for attribute image"
51688-WEOE,51688-WEOE*,"Wrong URL/path used for attribute image"
51688-WERD,51688-WERD*,"Wrong URL/path used for attribute image"
51688-WEWE,51688-WEWE*,"Wrong URL/path used for attribute image"
51688-WEYW,51688-WEYW*,"Wrong URL/path used for attribute image"
51689-BK,51689-BK*,"Wrong URL/path used for attribute image"
51689-S,51689-S*,"Wrong URL/path used for attribute image"
51689-WE,51689-WE*,"Wrong URL/path used for attribute image"
51690-BK,51690-BK*,"Wrong URL/path used for attribute image"
51690-WE,51690-WE*,"Wrong URL/path used for attribute image"
51693-BK,51693-BK*,"Wrong URL/path used for attribute image"
51693-WE,51693-WE*,"Wrong URL/path used for attribute image"
51694-BK,51694-BK*,"Wrong URL/path used for attribute image"
51694-BKR,51694-BKR*,"Wrong URL/path used for attribute image"
51694-WE,51694-WE*,"Wrong URL/path used for attribute image"
51694-WER,51694-WER*,"Wrong URL/path used for attribute image"
51695-BK,51695-BK*,"Wrong URL/path used for attribute image"
51695-WE,51695-WE*,"Wrong URL/path used for attribute image"
51707-BE,51707-BE*,"Wrong URL/path used for attribute image"
51707-BK,51707-BK*,"Wrong URL/path used for attribute image"
51707-DGY,51707-DGY*,"Wrong URL/path used for attribute image"
51707-RD,51707-RD*,"Wrong URL/path used for attribute image"
51708-BE,51708-BE*,"Wrong URL/path used for attribute image"
51708-BK,51708-BK*,"Wrong URL/path used for attribute image"
51708-DGY,51708-DGY*,"Wrong URL/path used for attribute image"
51708-RD,51708-RD*,"Wrong URL/path used for attribute image"
51708-SR,51708-SR*,"Wrong URL/path used for attribute image"
51709-BE,51709-BE*,"Wrong URL/path used for attribute image"
51709-BK,51709-BK*,"Wrong URL/path used for attribute image"
51709-DGY,51709-DGY*,"Wrong URL/path used for attribute image"
51709-RD,51709-RD*,"Wrong URL/path used for attribute image"
51709-SR,51709-SR*,"Wrong URL/path used for attribute image"
51713-BK,51713-BK*,"Wrong URL/path used for attribute image"
51713-SR,51713-SR*,"Wrong URL/path used for attribute image"
51714,51714*,"Wrong URL/path used for attribute image"
51715,51715*,"Wrong URL/path used for attribute image"
51716,51716*,"Wrong URL/path used for attribute image"
51717,51717*,"Wrong URL/path used for attribute image"
51718,51718*,"Wrong URL/path used for attribute image"
51719,51719*,"Wrong URL/path used for attribute image"
51720,51720*,"Wrong URL/path used for attribute image"
51721-BK,51721-BK*,"Wrong URL/path used for attribute image"
51721-BKR,51721-BKR*,"Wrong URL/path used for attribute image"
51721-WE,51721-WE*,"Wrong URL/path used for attribute image"
51721-WER,51721-WER*,"Wrong URL/path used for attribute image"
51722,51722*,"Wrong URL/path used for attribute image"
51723,51723*,"Wrong URL/path used for attribute image"
51724,51724*,"Wrong URL/path used for attribute image"
51725,51725*,"Wrong URL/path used for attribute image"
51726,51726*,"Wrong URL/path used for attribute image"
51727,51727*,"Wrong URL/path used for attribute image"
51728,51728*,"Wrong URL/path used for attribute image"
51729,51729*,"Wrong URL/path used for attribute image"
51730,51730*,"Wrong URL/path used for attribute image"
51731,51731*,"Wrong URL/path used for attribute image"
51732,51732*,"Wrong URL/path used for attribute image"
51733,51733*,"Wrong URL/path used for attribute image"
51734,51734*,"Wrong URL/path used for attribute image"
51735-BK,51735-BK*,"Wrong URL/path used for attribute image"
51735-RD,51735-RD*,"Wrong URL/path used for attribute image"
51735-SR,51735-SR*,"Wrong URL/path used for attribute image"
51736,51736*,"Wrong URL/path used for attribute image"
51737,51737*,"Wrong URL/path used for attribute image"
51738,51738*,"Wrong URL/path used for attribute image"
51739,51739*,"Wrong URL/path used for attribute image"
51740,51740*,"Wrong URL/path used for attribute image"
51741,51741*,"Wrong URL/path used for attribute image"
51742-BK,51742-BK*,"Wrong URL/path used for attribute image"
51742-SR,51742-SR*,"Wrong URL/path used for attribute image"
51742-WE,51742-WE*,"Wrong URL/path used for attribute image"
51743,51743*,"Wrong URL/path used for attribute image"
51744,51744*,"Wrong URL/path used for attribute image"
51745-DGY,51745-DGY*,"Wrong URL/path used for attribute image"
51745-SR,51745-SR*,"Wrong URL/path used for attribute image"
51746-BK,51746-BK*,"Wrong URL/path used for attribute image"
51746-SR,51746-SR*,"Wrong URL/path used for attribute image"
51746-WE,51746-WE*,"Wrong URL/path used for attribute image"
51747,51747*,"Wrong URL/path used for attribute image"
51748,51748*,"Wrong URL/path used for attribute image"
51749,51749*,"Wrong URL/path used for attribute image"
51751,51751*,"Wrong URL/path used for attribute image"
51752,51752*,"Wrong URL/path used for attribute image"
51754,51754*,"Wrong URL/path used for attribute image"
51755,51755*,"Wrong URL/path used for attribute image"
51756,51756*,"Wrong URL/path used for attribute image"
51757,51757*,"Wrong URL/path used for attribute image"
51758,51758*,"Wrong URL/path used for attribute image"
51759,51759*,"Wrong URL/path used for attribute image"
51760,51760*,"Wrong URL/path used for attribute image"
51761,51761*,"Wrong URL/path used for attribute image"
51762,51762*,"Wrong URL/path used for attribute image"
51763,51763*,"Wrong URL/path used for attribute image"
51764-BK,51764-BK*,"Wrong URL/path used for attribute image"
51764-OE,51764-OE*,"Wrong URL/path used for attribute image"
51765-BK,51765-BK*,"Wrong URL/path used for attribute image"
51765-OE,51765-OE*,"Wrong URL/path used for attribute image"
51766-SR,51766-SR*,"Wrong URL/path used for attribute image"
51767-L,51767-L*,"Wrong URL/path used for attribute image"
51767-S,51767-S*,"Wrong URL/path used for attribute image"
51767-XL,51767-XL*,"Wrong URL/path used for attribute image"
51771,51771*,"Wrong URL/path used for attribute image"
51772,51772*,"Wrong URL/path used for attribute image"
51773,51773*,"Wrong URL/path used for attribute image"
51774,51774*,"Wrong URL/path used for attribute image"
51776,51776*,"Wrong URL/path used for attribute image"
51777-BK,51777-BK*,"Wrong URL/path used for attribute image"
51777-BK-R,51777-BK-R*,"Wrong URL/path used for attribute image"
51777-WE,51777-WE*,"Wrong URL/path used for attribute image"
51777-WE-R,51777-WE-R*,"Wrong URL/path used for attribute image"
51778,51778*,"Wrong URL/path used for attribute image"
51779-BE,51779-BE*,"Wrong URL/path used for attribute image"
51779-BK,51779-BK*,"Wrong URL/path used for attribute image"
51779-RD,51779-RD*,"Wrong URL/path used for attribute image"
51779-WE,51779-WE*,"Wrong URL/path used for attribute image"
51780-BE,51780-BE*,"Wrong URL/path used for attribute image"
51780-BK,51780-BK*,"Wrong URL/path used for attribute image"
51780-RD,51780-RD*,"Wrong URL/path used for attribute image"
51780-WE,51780-WE*,"Wrong URL/path used for attribute image"
51781,51781*,"Wrong URL/path used for attribute image"
51782,51782*,"Wrong URL/path used for attribute image"
51783,51783*,"Wrong URL/path used for attribute image"
51784-BE,51784-BE*,"Wrong URL/path used for attribute image"
51784-BK,51784-BK*,"Wrong URL/path used for attribute image"
51784-RD,51784-RD*,"Wrong URL/path used for attribute image"
51784-SR,51784-SR*,"Wrong URL/path used for attribute image"
51785,51785*,"Wrong URL/path used for attribute image"
51789-BE,51789-BE*,"Wrong URL/path used for attribute image"
51789-BK,51789-BK*,"Wrong URL/path used for attribute image"
51789-RD,51789-RD*,"Wrong URL/path used for attribute image"
51789-WE,51789-WE*,"Wrong URL/path used for attribute image"
51790-BE,51790-BE*,"Wrong URL/path used for attribute image"
51790-BK,51790-BK*,"Wrong URL/path used for attribute image"
51791-BK,51791-BK*,"Wrong URL/path used for attribute image"
51791-DBE,51791-DBE*,"Wrong URL/path used for attribute image"
51791-LGN,51791-LGN*,"Wrong URL/path used for attribute image"
51791-RD,51791-RD*,"Wrong URL/path used for attribute image"
51792-BK,51792-BK*,"Wrong URL/path used for attribute image"
51792-DBE,51792-DBE*,"Wrong URL/path used for attribute image"
51792-LGN,51792-LGN*,"Wrong URL/path used for attribute image"
51792-RD,51792-RD*,"Wrong URL/path used for attribute image"
51793-BE,51793-BE*,"Wrong URL/path used for attribute image"
51793-WE,51793-WE*,"Wrong URL/path used for attribute image"
51794-BE,51794-BE*,"Wrong URL/path used for attribute image"
51794-LBN,51794-LBN*,"Wrong URL/path used for attribute image"
51794-RD,51794-RD*,"Wrong URL/path used for attribute image"
51795-BE,51795-BE*,"Wrong URL/path used for attribute image"
51795-LBN,51795-LBN*,"Wrong URL/path used for attribute image"
51795-RD,51795-RD*,"Wrong URL/path used for attribute image"
51796-BK,51796-BK*,"Wrong URL/path used for attribute image"
51796-DBE,51796-DBE*,"Wrong URL/path used for attribute image"
51796-LGN,51796-LGN*,"Wrong URL/path used for attribute image"
51796-RD,51796-RD*,"Wrong URL/path used for attribute image"
51797-WE,51797-WE*,"Wrong URL/path used for attribute image"
51798-WE,51798-WE*,"Wrong URL/path used for attribute image"
51799,51799*,"Wrong URL/path used for attribute image"
51800-WE,51800-WE*,"Wrong URL/path used for attribute image"
51801-BE,51801-BE*,"Wrong URL/path used for attribute image"
51801-BK,51801-BK*,"Wrong URL/path used for attribute image"
51801-RD,51801-RD*,"Wrong URL/path used for attribute image"
51801-WE,51801-WE*,"Wrong URL/path used for attribute image"
51802-BK,51802-BK*,"Wrong URL/path used for attribute image"
51803-BK,51803-BK*,"Wrong URL/path used for attribute image"
51804-BK,51804-BK*,"Wrong URL/path used for attribute image"
51805-BK,51805-BK*,"Wrong URL/path used for attribute image"
51806-BK,51806-BK*,"Wrong URL/path used for attribute image"
51808-BK,51808-BK*,"Wrong URL/path used for attribute image"
51809-BK,51809-BK*,"Wrong URL/path used for attribute image"
51810,51810*,"Wrong URL/path used for attribute image"
51811,51811*,"Wrong URL/path used for attribute image"
51812-WE,51812-WE*,"Wrong URL/path used for attribute image"
51813-WE,51813-WE*,"Wrong URL/path used for attribute image"
51815-WE,51815-WE*,"Wrong URL/path used for attribute image"
51816-BK,51816-BK*,"Wrong URL/path used for attribute image"
51817-BK,51817-BK*,"Wrong URL/path used for attribute image"
51817-WE,51817-WE*,"Wrong URL/path used for attribute image"
51818-BK,51818-BK*,"Wrong URL/path used for attribute image"
51819,51819*,"Wrong URL/path used for attribute image"
51820-BK,51820-BK*,"Wrong URL/path used for attribute image"
51820-WE,51820-WE*,"Wrong URL/path used for attribute image"
51821-BK,51821-BK*,"Wrong URL/path used for attribute image"
51821-WE,51821-WE*,"Wrong URL/path used for attribute image"
51822-BE,51822-BE*,"Wrong URL/path used for attribute image"
51822-BK,51822-BK*,"Wrong URL/path used for attribute image"
51822-MG,51822-MG*,"Wrong URL/path used for attribute image"
51822-SR,51822-SR*,"Wrong URL/path used for attribute image"
51823-BK,51823-BK*,"Wrong URL/path used for attribute image"
51824,51824*,"Wrong URL/path used for attribute image"
51825-BK,51825-BK*,"Wrong URL/path used for attribute image"
51827,51827*,"Wrong URL/path used for attribute image"
51830-BE,51830-BE*,"Wrong URL/path used for attribute image"
51830-BK,51830-BK*,"Wrong URL/path used for attribute image"
51830-RD,51830-RD*,"Wrong URL/path used for attribute image"
51831-BK,51831-BK*,"Wrong URL/path used for attribute image"
51832-BE,51832-BE*,"Wrong URL/path used for attribute image"
51832-BK,51832-BK*,"Wrong URL/path used for attribute image"
51832-LGN,51832-LGN*,"Wrong URL/path used for attribute image"
51832-MG,51832-MG*,"Wrong URL/path used for attribute image"
51832-RD,51832-RD*,"Wrong URL/path used for attribute image"
51832-SR,51832-SR*,"Wrong URL/path used for attribute image"
51832-WE,51832-WE*,"Wrong URL/path used for attribute image"
51833-BK,51833-BK*,"Wrong URL/path used for attribute image"
51833-WE,51833-WE*,"Wrong URL/path used for attribute image"
51834-BE,51834-BE*,"Wrong URL/path used for attribute image"
51836,51836*,"Wrong URL/path used for attribute image"
51837-BKR,51837-BKR*,"Wrong URL/path used for attribute image"
51837-WER,51837-WER*,"Wrong URL/path used for attribute image"
51839,51839*,"Wrong URL/path used for attribute image"
51840,51840*,"Wrong URL/path used for attribute image"
51842-BK,51842-BK*,"Wrong URL/path used for attribute image"
51843-RD,51843-RD*,"Wrong URL/path used for attribute image"
51845,51845*,"Wrong URL/path used for attribute image"
51845-BE,51845-BE*,"Wrong URL/path used for attribute image"
51845-RD,51845-RD*,"Wrong URL/path used for attribute image"
51846-BK,51846-BK*,"Wrong URL/path used for attribute image"
51847-BK,51847-BK*,"Wrong URL/path used for attribute image"
51848-SR,51848-SR*,"Wrong URL/path used for attribute image"
51849-BK,51849-BK*,"Wrong URL/path used for attribute image"
51849-WE,51849-WE*,"Wrong URL/path used for attribute image"
51850,51850*,"Wrong URL/path used for attribute image"
51851-WE,51851-WE*,"Wrong URL/path used for attribute image"
51852-BK,51852-BK*,"Wrong URL/path used for attribute image"
51853,51853*,"Wrong URL/path used for attribute image"
51854,51854*,"Wrong URL/path used for attribute image"
51855,51855*,"Wrong URL/path used for attribute image"
51856,51856*,"Wrong URL/path used for attribute image"
51857-BK,51857-BK*,"Wrong URL/path used for attribute image"
51857-WE,51857-WE*,"Wrong URL/path used for attribute image"
51858-BK,51858-BK*,"Wrong URL/path used for attribute image"
51858-WE,51858-WE*,"Wrong URL/path used for attribute image"
51859-BKR,51859-BKR*,"Wrong URL/path used for attribute image"
51859-SR,51859-SR*,"Wrong URL/path used for attribute image"
51860,51860*,"Wrong URL/path used for attribute image"
51861-WE,51861-WE*,"Wrong URL/path used for attribute image"
51862,51862*,"Wrong URL/path used for attribute image"
51863,51863*,"Wrong URL/path used for attribute image"
51864,51864*,"Wrong URL/path used for attribute image"
51865,51865*,"Wrong URL/path used for attribute image"
51866-BK,51866-BK*,"Wrong URL/path used for attribute image"
51866-SR,51866-SR*,"Wrong URL/path used for attribute image"
51866-WE,51866-WE*,"Wrong URL/path used for attribute image"
51867-BK,51867-BK*,"Wrong URL/path used for attribute image"
51868-BE,51868-BE*,"Wrong URL/path used for attribute image"
51868-BK,51868-BK*,"Wrong URL/path used for attribute image"
51868-BN,51868-BN*,"Wrong URL/path used for attribute image"
51870-BE,51870-BE*,"Wrong URL/path used for attribute image"
51870-BK,51870-BK*,"Wrong URL/path used for attribute image"
51870-RD,51870-RD*,"Wrong URL/path used for attribute image"
51870-SR,51870-SR*,"Wrong URL/path used for attribute image"
51871-GY,51871-GY*,"Wrong URL/path used for attribute image"
51872,51872*,"Wrong URL/path used for attribute image"
51873,51873*,"Wrong URL/path used for attribute image"
51874,51874*,"Wrong URL/path used for attribute image"
51875-BK,51875-BK*,"Wrong URL/path used for attribute image"
51876,51876*,"Wrong URL/path used for attribute image"
51877,51877*,"Wrong URL/path used for attribute image"
51878-BK,51878-BK*,"Wrong URL/path used for attribute image"
51878-WE,51878-WE*,"Wrong URL/path used for attribute image"
51879-BKBK,51879-BKBK*,"Wrong URL/path used for attribute image"
51879-BKWE,51879-BKWE*,"Wrong URL/path used for attribute image"
51880,51880*,"Wrong URL/path used for attribute image"
51881,51881*,"Wrong URL/path used for attribute image"
51882,51882*,"Wrong URL/path used for attribute image"
51883-BE,51883-BE*,"Wrong URL/path used for attribute image"
51883-BK,51883-BK*,"Wrong URL/path used for attribute image"
51883-RD,51883-RD*,"Wrong URL/path used for attribute image"
51883-WE,51883-WE*,"Wrong URL/path used for attribute image"
51884-BK,51884-BK*,"Wrong URL/path used for attribute image"
51884-SR,51884-SR*,"Wrong URL/path used for attribute image"
51888-BK,51888-BK*,"Wrong URL/path used for attribute image"
51888-BK-R,51888-BK-R*,"Wrong URL/path used for attribute image"
51888-WE,51888-WE*,"Wrong URL/path used for attribute image"
51888-WE-R,51888-WE-R*,"Wrong URL/path used for attribute image"
51889-BK,51889-BK*,"Wrong URL/path used for attribute image"
51889-WE,51889-WE*,"Wrong URL/path used for attribute image"
51891-BKR,51891-BKR*,"Wrong URL/path used for attribute image"
51891-WER,51891-WER*,"Wrong URL/path used for attribute image"
51892-RD,51892-RD*,"Wrong URL/path used for attribute image"
51893,51893*,"Wrong URL/path used for attribute image"
51894,51894*,"Wrong URL/path used for attribute image"
51895,51895*,"Wrong URL/path used for attribute image"
51896,51896*,"Wrong URL/path used for attribute image"
51897,51897*,"Wrong URL/path used for attribute image"
51898,51898*,"Wrong URL/path used for attribute image"
51899,51899*,"Wrong URL/path used for attribute image"
51900,51900*,"Wrong URL/path used for attribute image"
51902-WE,51902-WE*,"Wrong URL/path used for attribute image"
51903-WE,51903-WE*,"Wrong URL/path used for attribute image"
51904-BE,51904-BE*,"Wrong URL/path used for attribute image"
51904-BK,51904-BK*,"Wrong URL/path used for attribute image"
51905,51905*,"Wrong URL/path used for attribute image"
51906,51906*,"Wrong URL/path used for attribute image"
51907,51907*,"Wrong URL/path used for attribute image"
51908-BE,51908-BE*,"Wrong URL/path used for attribute image"
51908-BK,51908-BK*,"Wrong URL/path used for attribute image"
51908-RD,51908-RD*,"Wrong URL/path used for attribute image"
51908-WE,51908-WE*,"Wrong URL/path used for attribute image"
51910,51910*,"Wrong URL/path used for attribute image"
51911,51911*,"Wrong URL/path used for attribute image"
51912-BK,51912-BK*,"Wrong URL/path used for attribute image"
51912-GY,51912-GY*,"Wrong URL/path used for attribute image"
51912-SR,51912-SR*,"Wrong URL/path used for attribute image"
51913,51913*,"Wrong URL/path used for attribute image"
51914,51914*,"Wrong URL/path used for attribute image"
51915,51915*,"Wrong URL/path used for attribute image"
51916-BE,51916-BE*,"Wrong URL/path used for attribute image"
51916-BK,51916-BK*,"Wrong URL/path used for attribute image"
51916-WE,51916-WE*,"Wrong URL/path used for attribute image"
51917-BE,51917-BE*,"Wrong URL/path used for attribute image"
51917-RD,51917-RD*,"Wrong URL/path used for attribute image"
51917-WE,51917-WE*,"Wrong URL/path used for attribute image"
51918-WE,51918-WE*,"Wrong URL/path used for attribute image"
51919-BE,51919-BE*,"Wrong URL/path used for attribute image"
51919-RD,51919-RD*,"Wrong URL/path used for attribute image"
51919-WE,51919-WE*,"Wrong URL/path used for attribute image"
51920-WE,51920-WE*,"Wrong URL/path used for attribute image"
51921-DBE,51921-DBE*,"Wrong URL/path used for attribute image"
51921-GY,51921-GY*,"Wrong URL/path used for attribute image"
51921-RD,51921-RD*,"Wrong URL/path used for attribute image"
51922-WEBE,51922-WEBE*,"Wrong URL/path used for attribute image"
51922-WERD,51922-WERD*,"Wrong URL/path used for attribute image"
51922-WEWE,51922-WEWE*,"Wrong URL/path used for attribute image"
51923-WEBE,51923-WEBE*,"Wrong URL/path used for attribute image"
51923-WEGY,51923-WEGY*,"Wrong URL/path used for attribute image"
51923-WERD,51923-WERD*,"Wrong URL/path used for attribute image"
51924-WE,51924-WE*,"Wrong URL/path used for attribute image"
51925-BE,51925-BE*,"Wrong URL/path used for attribute image"
51925-BK,51925-BK*,"Wrong URL/path used for attribute image"
51925-RD,51925-RD*,"Wrong URL/path used for attribute image"
51926,51926*,"Wrong URL/path used for attribute image"
51927,51927*,"Wrong URL/path used for attribute image"
51928,51928*,"Wrong URL/path used for attribute image"
51929,51929*,"Wrong URL/path used for attribute image"
51930,51930*,"Wrong URL/path used for attribute image"
51932-WE,51932-WE*,"Wrong URL/path used for attribute image"
51934,51934*,"Wrong URL/path used for attribute image"
51935,51935*,"Wrong URL/path used for attribute image"
51936-BE,51936-BE*,"Wrong URL/path used for attribute image"
51936-BK,51936-BK*,"Wrong URL/path used for attribute image"
51936-MG,51936-MG*,"Wrong URL/path used for attribute image"
51936-OE,51936-OE*,"Wrong URL/path used for attribute image"
51936-RD,51936-RD*,"Wrong URL/path used for attribute image"
51936-WE,51936-WE*,"Wrong URL/path used for attribute image"
51938,51938*,"Wrong URL/path used for attribute image"
51939-BK,51939-BK*,"Wrong URL/path used for attribute image"
51940,51940*,"Wrong URL/path used for attribute image"
51941,51941*,"Wrong URL/path used for attribute image"
51942-WEBK,51942-WEBK*,"Wrong URL/path used for attribute image"
51943-WEWE,51943-WEWE*,"Wrong URL/path used for attribute image"
51944,51944*,"Wrong URL/path used for attribute image"
51945,51945*,"Wrong URL/path used for attribute image"
51946,51946*,"Wrong URL/path used for attribute image"
51947,51947*,"Wrong URL/path used for attribute image"
51948-BKSR,51948-BKSR*,"Wrong URL/path used for attribute image"
51949-BK,51949-BK*,"Wrong URL/path used for attribute image"
51950-DGY,51950-DGY*,"Wrong URL/path used for attribute image"
51951-BK,51951-BK*,"Wrong URL/path used for attribute image"
51952-BK,51952-BK*,"Wrong URL/path used for attribute image"
51953-BK,51953-BK*,"Wrong URL/path used for attribute image"
51953-BN,51953-BN*,"Wrong URL/path used for attribute image"
51954-BK,51954-BK*,"Wrong URL/path used for attribute image"
51954-SR,51954-SR*,"Wrong URL/path used for attribute image"
51957,51957*,"Wrong URL/path used for attribute image"
51958-BK,51958-BK*,"Wrong URL/path used for attribute image"
51964,51964*,"Wrong URL/path used for attribute image"
51975-WE,51975-WE*,"Wrong URL/path used for attribute image"
51976,51976*,"Wrong URL/path used for attribute image"
51977,51977*,"Wrong URL/path used for attribute image"
51978-BKBK,51978-BKBK*,"Wrong URL/path used for attribute image"
51978-BKSR,51978-BKSR*,"Wrong URL/path used for attribute image"
51979,51979*,"Wrong URL/path used for attribute image"
51980,51980*,"Wrong URL/path used for attribute image"
51981-WE,51981-WE*,"Wrong URL/path used for attribute image"
51982,51982*,"Wrong URL/path used for attribute image"
51983-WE,51983-WE*,"Wrong URL/path used for attribute image"
51984-BE,51984-BE*,"Wrong URL/path used for attribute image"
51984-BK,51984-BK*,"Wrong URL/path used for attribute image"
51984-DRD,51984-DRD*,"Wrong URL/path used for attribute image"
51984-GY,51984-GY*,"Wrong URL/path used for attribute image"
51985-BE,51985-BE*,"Wrong URL/path used for attribute image"
51985-BK,51985-BK*,"Wrong URL/path used for attribute image"
51985-DRD,51985-DRD*,"Wrong URL/path used for attribute image"
51985-GY,51985-GY*,"Wrong URL/path used for attribute image"
51986,51986*,"Wrong URL/path used for attribute image"
51987,51987*,"Wrong URL/path used for attribute image"
51988-BK,51988-BK*,"Wrong URL/path used for attribute image"
51988-BN,51988-BN*,"Wrong URL/path used for attribute image"
51989,51989*,"Wrong URL/path used for attribute image"
51990-BK,51990-BK*,"Wrong URL/path used for attribute image"
51990-BN,51990-BN*,"Wrong URL/path used for attribute image"
51991-BK,51991-BK*,"Wrong URL/path used for attribute image"
51991-BN,51991-BN*,"Wrong URL/path used for attribute image"
51992-BK,51992-BK*,"Wrong URL/path used for attribute image"
51992-BN,51992-BN*,"Wrong URL/path used for attribute image"
51993-BE-4GB,51993-BE-4GB*,"Wrong URL/path used for attribute image"
51993-BK-4GB,51993-BK-4GB*,"Wrong URL/path used for attribute image"
51993-GY-4GB,51993-GY-4GB*,"Wrong URL/path used for attribute image"
51993-LGN-4GB,51993-LGN-4GB*,"Wrong URL/path used for attribute image"
51993-MG-4GB,51993-MG-4GB*,"Wrong URL/path used for attribute image"
51993-OE-4GB,51993-OE-4GB*,"Wrong URL/path used for attribute image"
51993-RD-4GB,51993-RD-4GB*,"Wrong URL/path used for attribute image"
51993-WE-4GB,51993-WE-4GB*,"Wrong URL/path used for attribute image"
51993-YW-4GB,51993-YW-4GB*,"Wrong URL/path used for attribute image"
51994-BE,51994-BE*,"Wrong URL/path used for attribute image"
51994-BK,51994-BK*,"Wrong URL/path used for attribute image"
51994-RD,51994-RD*,"Wrong URL/path used for attribute image"
51994-WE,51994-WE*,"Wrong URL/path used for attribute image"
51995-BK,51995-BK*,"Wrong URL/path used for attribute image"
51995-SR,51995-SR*,"Wrong URL/path used for attribute image"
51996-BK,51996-BK*,"Wrong URL/path used for attribute image"
51997,51997*,"Wrong URL/path used for attribute image"
51998,51998*,"Wrong URL/path used for attribute image"
51999-BE,51999-BE*,"Wrong URL/path used for attribute image"
51999-BE-R,51999-BE-R*,"Wrong URL/path used for attribute image"
51999-BK,51999-BK*,"Wrong URL/path used for attribute image"
51999-BK-R,51999-BK-R*,"Wrong URL/path used for attribute image"
51999-GN,51999-GN*,"Wrong URL/path used for attribute image"
51999-GN-R,51999-GN-R*,"Wrong URL/path used for attribute image"
51999-MG,51999-MG*,"Wrong URL/path used for attribute image"
51999-RD,51999-RD*,"Wrong URL/path used for attribute image"
51999-RD-R,51999-RD-R*,"Wrong URL/path used for attribute image"
51999-WE,51999-WE*,"Wrong URL/path used for attribute image"
51999-WE-R,51999-WE-R*,"Wrong URL/path used for attribute image"
52000-BE,52000-BE*,"Wrong URL/path used for attribute image"
52000-BK,52000-BK*,"Wrong URL/path used for attribute image"
52000-MG,52000-MG*,"Wrong URL/path used for attribute image"
52000-RD,52000-RD*,"Wrong URL/path used for attribute image"
52000-WE,52000-WE*,"Wrong URL/path used for attribute image"
52001,52001*,"Wrong URL/path used for attribute image"
52002,52002*,"Wrong URL/path used for attribute image"
52003,52003*,"Wrong URL/path used for attribute image"
52004,52004*,"Wrong URL/path used for attribute image"
52005-BE,52005-BE*,"Wrong URL/path used for attribute image"
52005-BK,52005-BK*,"Wrong URL/path used for attribute image"
52005-GY,52005-GY*,"Wrong URL/path used for attribute image"
52005-RD,52005-RD*,"Wrong URL/path used for attribute image"
52005-SR,52005-SR*,"Wrong URL/path used for attribute image"
52006-BK,52006-BK*,"Wrong URL/path used for attribute image"
52006-RD,52006-RD*,"Wrong URL/path used for attribute image"
52006-WE,52006-WE*,"Wrong URL/path used for attribute image"
52007,52007*,"Wrong URL/path used for attribute image"
52008,52008*,"Wrong URL/path used for attribute image"
52009,52009*,"Wrong URL/path used for attribute image"
52011,52011*,"Wrong URL/path used for attribute image"
52013-BK,52013-BK*,"Wrong URL/path used for attribute image"
52013-WE,52013-WE*,"Wrong URL/path used for attribute image"
52014-WE,52014-WE*,"Wrong URL/path used for attribute image"
52016,52016*,"Wrong URL/path used for attribute image"
52019-BE,52019-BE*,"Wrong URL/path used for attribute image"
52019-DGY,52019-DGY*,"Wrong URL/path used for attribute image"
52019-RD,52019-RD*,"Wrong URL/path used for attribute image"
52019-SR,52019-SR*,"Wrong URL/path used for attribute image"
52020,52020*,"Wrong URL/path used for attribute image"
52021,52021*,"Wrong URL/path used for attribute image"
52022-BEWE,52022-BEWE*,"Wrong URL/path used for attribute image"
52022-BKWE,52022-BKWE*,"Wrong URL/path used for attribute image"
52022-RDWE,52022-RDWE*,"Wrong URL/path used for attribute image"
52022-WEWE,52022-WEWE*,"Wrong URL/path used for attribute image"
52023-BKC,52023-BKC*,"Wrong URL/path used for attribute image"
52023-WEC,52023-WEC*,"Wrong URL/path used for attribute image"
52024,52024*,"Wrong URL/path used for attribute image"
52025,52025*,"Wrong URL/path used for attribute image"
52026,52026*,"Wrong URL/path used for attribute image"
52027-BKWE,52027-BKWE*,"Wrong URL/path used for attribute image"
52027-WEWE,52027-WEWE*,"Wrong URL/path used for attribute image"
52028-BK,52028-BK*,"Wrong URL/path used for attribute image"
52029-BE,52029-BE*,"Wrong URL/path used for attribute image"
52029-BK,52029-BK*,"Wrong URL/path used for attribute image"
52029-RD,52029-RD*,"Wrong URL/path used for attribute image"
52029-WE,52029-WE*,"Wrong URL/path used for attribute image"
52030-BK,52030-BK*,"Wrong URL/path used for attribute image"
52031-BK,52031-BK*,"Wrong URL/path used for attribute image"
52032,52032*,"Wrong URL/path used for attribute image"
52033-BK,52033-BK*,"Wrong URL/path used for attribute image"
52034-BK,52034-BK*,"Wrong URL/path used for attribute image"
52034-BKR,52034-BKR*,"Wrong URL/path used for attribute image"
52034-WE,52034-WE*,"Wrong URL/path used for attribute image"
52034-WER,52034-WER*,"Wrong URL/path used for attribute image"
52036,52036*,"Wrong URL/path used for attribute image"
52037-BE,52037-BE*,"Wrong URL/path used for attribute image"
52037-BK,52037-BK*,"Wrong URL/path used for attribute image"
52037-RD,52037-RD*,"Wrong URL/path used for attribute image"
52037-WE,52037-WE*,"Wrong URL/path used for attribute image"
52038,52038*,"Wrong URL/path used for attribute image"
52039-GY,52039-GY*,"Wrong URL/path used for attribute image"
52041-BE,52041-BE*,"Wrong URL/path used for attribute image"
52042-GY,52042-GY*,"Wrong URL/path used for attribute image"
52043,52043*,"Wrong URL/path used for attribute image"
52044,52044*,"Wrong URL/path used for attribute image"
52051,52051*,"Wrong URL/path used for attribute image"
52052,52052*,"Wrong URL/path used for attribute image"
52053,52053*,"Wrong URL/path used for attribute image"
52054-SR,52054-SR*,"Wrong URL/path used for attribute image"
52054-WE,52054-WE*,"Wrong URL/path used for attribute image"
52055-BE,52055-BE*,"Wrong URL/path used for attribute image"
52055-BK,52055-BK*,"Wrong URL/path used for attribute image"
52055-BN,52055-BN*,"Wrong URL/path used for attribute image"
52055-GN,52055-GN*,"Wrong URL/path used for attribute image"
52055-RD,52055-RD*,"Wrong URL/path used for attribute image"
52055-WE,52055-WE*,"Wrong URL/path used for attribute image"
52056-BE,52056-BE*,"Wrong URL/path used for attribute image"
52056-BK,52056-BK*,"Wrong URL/path used for attribute image"
52056-DGN,52056-DGN*,"Wrong URL/path used for attribute image"
52056-MG,52056-MG*,"Wrong URL/path used for attribute image"
52056-OE,52056-OE*,"Wrong URL/path used for attribute image"
52056-RD,52056-RD*,"Wrong URL/path used for attribute image"
52056-SR,52056-SR*,"Wrong URL/path used for attribute image"
52056-WE,52056-WE*,"Wrong URL/path used for attribute image"
52056-YW,52056-YW*,"Wrong URL/path used for attribute image"
52057-BK,52057-BK*,"Wrong URL/path used for attribute image"
52057-SR,52057-SR*,"Wrong URL/path used for attribute image"
52058,52058*,"Wrong URL/path used for attribute image"
52059,52059*,"Wrong URL/path used for attribute image"
52060-LBE,52060-LBE*,"Wrong URL/path used for attribute image"
52061-BKLBE,52061-BKLBE*,"Wrong URL/path used for attribute image"
52061-BKSR,52061-BKSR*,"Wrong URL/path used for attribute image"
52062,52062*,"Wrong URL/path used for attribute image"
52063-BKBE,52063-BKBE*,"Wrong URL/path used for attribute image"
52063-BKBK,52063-BKBK*,"Wrong URL/path used for attribute image"
52063-BKRD,52063-BKRD*,"Wrong URL/path used for attribute image"
52064,52064*,"Wrong URL/path used for attribute image"
52066,52066*,"Wrong URL/path used for attribute image"
52068,52068*,"Wrong URL/path used for attribute image"
52069,52069*,"Wrong URL/path used for attribute image"
52070,52070*,"Wrong URL/path used for attribute image"
52071,52071*,"Wrong URL/path used for attribute image"
52072,52072*,"Wrong URL/path used for attribute image"
52074,52074*,"Wrong URL/path used for attribute image"
52075,52075*,"Wrong URL/path used for attribute image"
52076,52076*,"Wrong URL/path used for attribute image"
52077-BK,52077-BK*,"Wrong URL/path used for attribute image"
52077-GN,52077-GN*,"Wrong URL/path used for attribute image"
52077-LBE,52077-LBE*,"Wrong URL/path used for attribute image"
52077-MG,52077-MG*,"Wrong URL/path used for attribute image"
52077-OE,52077-OE*,"Wrong URL/path used for attribute image"
52077-WE,52077-WE*,"Wrong URL/path used for attribute image"
52077-YW,52077-YW*,"Wrong URL/path used for attribute image"
52078-WE,52078-WE*,"Wrong URL/path used for attribute image"
52079,52079*,"Wrong URL/path used for attribute image"
52081,52081*,"Wrong URL/path used for attribute image"
52082-BK,52082-BK*,"Wrong URL/path used for attribute image"
52083-WE,52083-WE*,"Wrong URL/path used for attribute image"
52084-BK,52084-BK*,"Wrong URL/path used for attribute image"
52084-LBE,52084-LBE*,"Wrong URL/path used for attribute image"
52084-RD,52084-RD*,"Wrong URL/path used for attribute image"
52086-BE,52086-BE*,"Wrong URL/path used for attribute image"
52086-BK,52086-BK*,"Wrong URL/path used for attribute image"
52086-GN,52086-GN*,"Wrong URL/path used for attribute image"
52086-RD,52086-RD*,"Wrong URL/path used for attribute image"
52086-WE,52086-WE*,"Wrong URL/path used for attribute image"
52088,52088*,"Wrong URL/path used for attribute image"
52089-BK,52089-BK*,"Wrong URL/path used for attribute image"
52090,52090*,"Wrong URL/path used for attribute image"
52093-BE,52093-BE*,"Wrong URL/path used for attribute image"
52093-GY,52093-GY*,"Wrong URL/path used for attribute image"
52093-LGN,52093-LGN*,"Wrong URL/path used for attribute image"
52093-LMG,52093-LMG*,"Wrong URL/path used for attribute image"
52093-OE,52093-OE*,"Wrong URL/path used for attribute image"
52093-PE,52093-PE*,"Wrong URL/path used for attribute image"
52093-RD,52093-RD*,"Wrong URL/path used for attribute image"
52093-YW,52093-YW*,"Wrong URL/path used for attribute image"
52094-WE,52094-WE*,"Wrong URL/path used for attribute image"
52095,52095*,"Wrong URL/path used for attribute image"
52096-WE,52096-WE*,"Wrong URL/path used for attribute image"
52097,52097*,"Wrong URL/path used for attribute image"
52098-GY,52098-GY*,"Wrong URL/path used for attribute image"
52099-BE,52099-BE*,"Wrong URL/path used for attribute image"
52099-BK,52099-BK*,"Wrong URL/path used for attribute image"
52099-RD,52099-RD*,"Wrong URL/path used for attribute image"
52099-SR,52099-SR*,"Wrong URL/path used for attribute image"
52100,52100*,"Wrong URL/path used for attribute image"
52101,52101*,"Wrong URL/path used for attribute image"
52102-BK,52102-BK*,"Wrong URL/path used for attribute image"
52102-LGN,52102-LGN*,"Wrong URL/path used for attribute image"
52103-BKBK,52103-BKBK*,"Wrong URL/path used for attribute image"
52103-SRBE,52103-SRBE*,"Wrong URL/path used for attribute image"
52103-SRBK,52103-SRBK*,"Wrong URL/path used for attribute image"
52103-SRRD,52103-SRRD*,"Wrong URL/path used for attribute image"
52103-SRYW,52103-SRYW*,"Wrong URL/path used for attribute image"
52104,52104*,"Wrong URL/path used for attribute image"
52105-BK,52105-BK*,"Wrong URL/path used for attribute image"
52105-BN,52105-BN*,"Wrong URL/path used for attribute image"
52105-LGN,52105-LGN*,"Wrong URL/path used for attribute image"
52106,52106*,"Wrong URL/path used for attribute image"
52107,52107*,"Wrong URL/path used for attribute image"
52108-WE,52108-WE*,"Wrong URL/path used for attribute image"
52110-SRBK,52110-SRBK*,"Wrong URL/path used for attribute image"
52111-BE,52111-BE*,"Wrong URL/path used for attribute image"
52111-BK,52111-BK*,"Wrong URL/path used for attribute image"
52111-RD,52111-RD*,"Wrong URL/path used for attribute image"
52112-BK,52112-BK*,"Wrong URL/path used for attribute image"
52113,52113*,"Wrong URL/path used for attribute image"
52114,52114*,"Wrong URL/path used for attribute image"
52115,52115*,"Wrong URL/path used for attribute image"
52116-BK,52116-BK*,"Wrong URL/path used for attribute image"
52117,52117*,"Wrong URL/path used for attribute image"
52118,52118*,"Wrong URL/path used for attribute image"
52119-WE,52119-WE*,"Wrong URL/path used for attribute image"
52120-BK,52120-BK*,"Wrong URL/path used for attribute image"
52122,52122*,"Wrong URL/path used for attribute image"
52123-BE,52123-BE*,"Wrong URL/path used for attribute image"
52123-BK,52123-BK*,"Wrong URL/path used for attribute image"
52123-LGN,52123-LGN*,"Wrong URL/path used for attribute image"
52123-RD,52123-RD*,"Wrong URL/path used for attribute image"
52123-WE,52123-WE*,"Wrong URL/path used for attribute image"
52124-LGN,52124-LGN*,"Wrong URL/path used for attribute image"
52124-MG,52124-MG*,"Wrong URL/path used for attribute image"
52125,52125*,"Wrong URL/path used for attribute image"
52126,52126*,"Wrong URL/path used for attribute image"
52127,52127*,"Wrong URL/path used for attribute image"
52128,52128*,"Wrong URL/path used for attribute image"
52129-BE,52129-BE*,"Wrong URL/path used for attribute image"
52129-GY,52129-GY*,"Wrong URL/path used for attribute image"
52129-LGN,52129-LGN*,"Wrong URL/path used for attribute image"
52129-MG,52129-MG*,"Wrong URL/path used for attribute image"
52130-LGN,52130-LGN*,"Wrong URL/path used for attribute image"
52131-LGN,52131-LGN*,"Wrong URL/path used for attribute image"
52132-LGN,52132-LGN*,"Wrong URL/path used for attribute image"
52133-LGN,52133-LGN*,"Wrong URL/path used for attribute image"
52134,52134*,"Wrong URL/path used for attribute image"
52135,52135*,"Wrong URL/path used for attribute image"
52136,52136*,"Wrong URL/path used for attribute image"
52137,52137*,"Wrong URL/path used for attribute image"
52138,52138*,"Wrong URL/path used for attribute image"
52139,52139*,"Wrong URL/path used for attribute image"
52140,52140*,"Wrong URL/path used for attribute image"
52141,52141*,"Wrong URL/path used for attribute image"
52142,52142*,"Wrong URL/path used for attribute image"
52143,52143*,"Wrong URL/path used for attribute image"
52144,52144*,"Wrong URL/path used for attribute image"
52145,52145*,"Wrong URL/path used for attribute image"
52146,52146*,"Wrong URL/path used for attribute image"
52147,52147*,"Wrong URL/path used for attribute image"
52148,52148*,"Wrong URL/path used for attribute image"
52149-BKC,52149-BKC*,"Wrong URL/path used for attribute image"
52150-BKWE,52150-BKWE*,"Wrong URL/path used for attribute image"
52151,52151*,"Wrong URL/path used for attribute image"
52152,52152*,"Wrong URL/path used for attribute image"
52153,52153*,"Wrong URL/path used for attribute image"
52154,52154*,"Wrong URL/path used for attribute image"
52155,52155*,"Wrong URL/path used for attribute image"
52156,52156*,"Wrong URL/path used for attribute image"
54003,54003*,"Wrong URL/path used for attribute image"
54013,54013*,"Wrong URL/path used for attribute image"
54015,54015*,"Wrong URL/path used for attribute image"
60033,60033*,"Wrong URL/path used for attribute image"
60035,60035*,"Wrong URL/path used for attribute image"
60038-BE,60038-BE*,"Wrong URL/path used for attribute image"
60038-BK,60038-BK*,"Wrong URL/path used for attribute image"
60038-RD,60038-RD*,"Wrong URL/path used for attribute image"
60038-WE,60038-WE*,"Wrong URL/path used for attribute image"
6010158,6010158*,"Wrong URL/path used for attribute image"
60123,60123*,"Wrong URL/path used for attribute image"
60130-BK,60130-BK*,"Wrong URL/path used for attribute image"
60130-WE,60130-WE*,"Wrong URL/path used for attribute image"
60134,60134*,"Wrong URL/path used for attribute image"
60136,60136*,"Wrong URL/path used for attribute image"
60139-SR,60139-SR*,"Wrong URL/path used for attribute image"
60141,60141*,"Wrong URL/path used for attribute image"
60143,60143*,"Wrong URL/path used for attribute image"
60144,60144*,"Wrong URL/path used for attribute image"
60145,60145*,"Wrong URL/path used for attribute image"
60147,60147*,"Wrong URL/path used for attribute image"
60148,60148*,"Wrong URL/path used for attribute image"
60150-BK,60150-BK*,"Wrong URL/path used for attribute image"
60151,60151*,"Wrong URL/path used for attribute image"
60153-BE,60153-BE*,"Wrong URL/path used for attribute image"
60153-BK,60153-BK*,"Wrong URL/path used for attribute image"
60153-RD,60153-RD*,"Wrong URL/path used for attribute image"
60153-WE,60153-WE*,"Wrong URL/path used for attribute image"
60154-BKGD,60154-BKGD*,"Wrong URL/path used for attribute image"
60154-BKSR,60154-BKSR*,"Wrong URL/path used for attribute image"
60154-WESR,60154-WESR*,"Wrong URL/path used for attribute image"
60156-WE,60156-WE*,"Wrong URL/path used for attribute image"
60157-BK,60157-BK*,"Wrong URL/path used for attribute image"
60666-BE,60666-BE*,"Wrong URL/path used for attribute image"
60666-BK,60666-BK*,"Wrong URL/path used for attribute image"
60666-OE,60666-OE*,"Wrong URL/path used for attribute image"
60666-RD,60666-RD*,"Wrong URL/path used for attribute image"
60666-WE,60666-WE*,"Wrong URL/path used for attribute image"
"65002-BK 2200mAh","65002-BK 2200mAh*","Wrong URL/path used for attribute image"
"65002-BK 3000mAh","65002-BK 3000mAh*","Wrong URL/path used for attribute image"
"65002-DBE 2200mAh","65002-DBE 2200mAh*","Wrong URL/path used for attribute image"
"65002-DBE 3000mAh","65002-DBE 3000mAh*","Wrong URL/path used for attribute image"
"65002-GN 2200mAh","65002-GN 2200mAh*","Wrong URL/path used for attribute image"
"65002-GN 3000mAh","65002-GN 3000mAh*","Wrong URL/path used for attribute image"
"65002-MG 2200mAh","65002-MG 2200mAh*","Wrong URL/path used for attribute image"
"65002-MG 3000mAh","65002-MG 3000mAh*","Wrong URL/path used for attribute image"
"65002-PE 2200mAh","65002-PE 2200mAh*","Wrong URL/path used for attribute image"
"65002-PE 3000mAh","65002-PE 3000mAh*","Wrong URL/path used for attribute image"
"65002-RD 2200mAh","65002-RD 2200mAh*","Wrong URL/path used for attribute image"
"65002-RD 3000mAh","65002-RD 3000mAh*","Wrong URL/path used for attribute image"
"65002-SR 2200mAh","65002-SR 2200mAh*","Wrong URL/path used for attribute image"
"65002-SR 3000mAh","65002-SR 3000mAh*","Wrong URL/path used for attribute image"
"65004-BK 2200mAh","65004-BK 2200mAh*","Wrong URL/path used for attribute image"
"65004-BK 3000mAh","65004-BK 3000mAh*","Wrong URL/path used for attribute image"
"65004-DBE 2200mAh","65004-DBE 2200mAh*","Wrong URL/path used for attribute image"
"65004-DBE 3000mAh","65004-DBE 3000mAh*","Wrong URL/path used for attribute image"
"65004-RD 2200mAh","65004-RD 2200mAh*","Wrong URL/path used for attribute image"
"65004-RD 3000mAh","65004-RD 3000mAh*","Wrong URL/path used for attribute image"
"65004-SR 2200mAh","65004-SR 2200mAh*","Wrong URL/path used for attribute image"
"65004-SR 3000mAh","65004-SR 3000mAh*","Wrong URL/path used for attribute image"
70005,70005*,"Wrong URL/path used for attribute image"
70017,70017*,"Wrong URL/path used for attribute image"
70018,70018*,"Wrong URL/path used for attribute image"
70019,70019*,"Wrong URL/path used for attribute image"
70024,70024*,"Wrong URL/path used for attribute image"
70050,70050*,"Wrong URL/path used for attribute image"
70065,70065*,"Wrong URL/path used for attribute image"
70069,70069*,"Wrong URL/path used for attribute image"
70073,70073*,"Wrong URL/path used for attribute image"
70076,70076*,"Wrong URL/path used for attribute image"
70083,70083*,"Wrong URL/path used for attribute image"
70088BK,70088BK*,"Wrong URL/path used for attribute image"
70089,70089*,"Wrong URL/path used for attribute image"
70091BK,70091BK*,"Wrong URL/path used for attribute image"
70091RG,70091RG*,"Wrong URL/path used for attribute image"
70091WE,70091WE*,"Wrong URL/path used for attribute image"
7010201,7010201*,"Wrong URL/path used for attribute image"
70112,70112*,"Wrong URL/path used for attribute image"
70114,70114*,"Wrong URL/path used for attribute image"
70122,70122*,"Wrong URL/path used for attribute image"
70124,70124*,"Wrong URL/path used for attribute image"
70129,70129*,"Wrong URL/path used for attribute image"
70129-CH,70129-CH*,"Wrong URL/path used for attribute image"
70130,70130*,"Wrong URL/path used for attribute image"
70131,70131*,"Wrong URL/path used for attribute image"
70135-BK,70135-BK*,"Wrong URL/path used for attribute image"
70135-WE,70135-WE*,"Wrong URL/path used for attribute image"
70136,70136*,"Wrong URL/path used for attribute image"
70137-BK,70137-BK*,"Wrong URL/path used for attribute image"
70137-WE,70137-WE*,"Wrong URL/path used for attribute image"
70139,70139*,"Wrong URL/path used for attribute image"
70140,70140*,"Wrong URL/path used for attribute image"
70141,70141*,"Wrong URL/path used for attribute image"
70142,70142*,"Wrong URL/path used for attribute image"
70143-BK,70143-BK*,"Wrong URL/path used for attribute image"
70143-WE,70143-WE*,"Wrong URL/path used for attribute image"
70144-BK,70144-BK*,"Wrong URL/path used for attribute image"
70145-BK,70145-BK*,"Wrong URL/path used for attribute image"
70146,70146*,"Wrong URL/path used for attribute image"
70147,70147*,"Wrong URL/path used for attribute image"
70148,70148*,"Wrong URL/path used for attribute image"
70149,70149*,"Wrong URL/path used for attribute image"
70150,70150*,"Wrong URL/path used for attribute image"
70151,70151*,"Wrong URL/path used for attribute image"
70152,70152*,"Wrong URL/path used for attribute image"
70153,70153*,"Wrong URL/path used for attribute image"
70154,70154*,"Wrong URL/path used for attribute image"
70155,70155*,"Wrong URL/path used for attribute image"
70156,70156*,"Wrong URL/path used for attribute image"
70158,70158*,"Wrong URL/path used for attribute image"
70159,70159*,"Wrong URL/path used for attribute image"
70160,70160*,"Wrong URL/path used for attribute image"
70161,70161*,"Wrong URL/path used for attribute image"
70162,70162*,"Wrong URL/path used for attribute image"
70163,70163*,"Wrong URL/path used for attribute image"
70164,70164*,"Wrong URL/path used for attribute image"
70165,70165*,"Wrong URL/path used for attribute image"
70166,70166*,"Wrong URL/path used for attribute image"
70166-MG,70166-MG*,"Wrong URL/path used for attribute image"
70167,70167*,"Wrong URL/path used for attribute image"
70170,70170*,"Wrong URL/path used for attribute image"
70171,70171*,"Wrong URL/path used for attribute image"
70172,70172*,"Wrong URL/path used for attribute image"
70172-CH,70172-CH*,"Wrong URL/path used for attribute image"
70174,70174*,"Wrong URL/path used for attribute image"
70175,70175*,"Wrong URL/path used for attribute image"
70176,70176*,"Wrong URL/path used for attribute image"
70177-BK,70177-BK*,"Wrong URL/path used for attribute image"
70177-BN,70177-BN*,"Wrong URL/path used for attribute image"
70177-WE,70177-WE*,"Wrong URL/path used for attribute image"
70178-BK,70178-BK*,"Wrong URL/path used for attribute image"
70178-BN,70178-BN*,"Wrong URL/path used for attribute image"
70178-WE,70178-WE*,"Wrong URL/path used for attribute image"
70179,70179*,"Wrong URL/path used for attribute image"
70180,70180*,"Wrong URL/path used for attribute image"
70181-BK,70181-BK*,"Wrong URL/path used for attribute image"
70181-OE,70181-OE*,"Wrong URL/path used for attribute image"
70182-BK,70182-BK*,"Wrong URL/path used for attribute image"
70182-WE,70182-WE*,"Wrong URL/path used for attribute image"
70183,70183*,"Wrong URL/path used for attribute image"
70184-BE,70184-BE*,"Wrong URL/path used for attribute image"
70184-BK,70184-BK*,"Wrong URL/path used for attribute image"
70184-RD,70184-RD*,"Wrong URL/path used for attribute image"
70185-BE,70185-BE*,"Wrong URL/path used for attribute image"
70185-BK,70185-BK*,"Wrong URL/path used for attribute image"
70185-BN,70185-BN*,"Wrong URL/path used for attribute image"
70185-GN,70185-GN*,"Wrong URL/path used for attribute image"
70185-GNP,70185-GNP*,"Wrong URL/path used for attribute image"
70185-GY,70185-GY*,"Wrong URL/path used for attribute image"
70185-LBE,70185-LBE*,"Wrong URL/path used for attribute image"
70185-LGN,70185-LGN*,"Wrong URL/path used for attribute image"
70185-MG,70185-MG*,"Wrong URL/path used for attribute image"
70185-MGP,70185-MGP*,"Wrong URL/path used for attribute image"
70185-OE,70185-OE*,"Wrong URL/path used for attribute image"
70185-PE,70185-PE*,"Wrong URL/path used for attribute image"
70185-PEP,70185-PEP*,"Wrong URL/path used for attribute image"
70185-RD,70185-RD*,"Wrong URL/path used for attribute image"
70185-WE,70185-WE*,"Wrong URL/path used for attribute image"
70185-YW,70185-YW*,"Wrong URL/path used for attribute image"
70186-BE,70186-BE*,"Wrong URL/path used for attribute image"
70186-BK,70186-BK*,"Wrong URL/path used for attribute image"
70186-GN,70186-GN*,"Wrong URL/path used for attribute image"
70186-LBE,70186-LBE*,"Wrong URL/path used for attribute image"
70186-LGN,70186-LGN*,"Wrong URL/path used for attribute image"
70186-MG,70186-MG*,"Wrong URL/path used for attribute image"
70186-OE,70186-OE*,"Wrong URL/path used for attribute image"
70186-PE,70186-PE*,"Wrong URL/path used for attribute image"
70186-RD,70186-RD*,"Wrong URL/path used for attribute image"
70186-WE,70186-WE*,"Wrong URL/path used for attribute image"
70186-YW,70186-YW*,"Wrong URL/path used for attribute image"
70187-BK,70187-BK*,"Wrong URL/path used for attribute image"
70187-WE,70187-WE*,"Wrong URL/path used for attribute image"
70188-BK,70188-BK*,"Wrong URL/path used for attribute image"
70188-WE,70188-WE*,"Wrong URL/path used for attribute image"
70191,70191*,"Wrong URL/path used for attribute image"
70192,70192*,"Wrong URL/path used for attribute image"
70193-BK,70193-BK*,"Wrong URL/path used for attribute image"
70193-WE,70193-WE*,"Wrong URL/path used for attribute image"
70194-BK,70194-BK*,"Wrong URL/path used for attribute image"
70194-WE,70194-WE*,"Wrong URL/path used for attribute image"
70195-BK,70195-BK*,"Wrong URL/path used for attribute image"
70195-SR,70195-SR*,"Wrong URL/path used for attribute image"
70196-BE,70196-BE*,"Wrong URL/path used for attribute image"
70196-SR,70196-SR*,"Wrong URL/path used for attribute image"
70197-BE,70197-BE*,"Wrong URL/path used for attribute image"
70197-SR,70197-SR*,"Wrong URL/path used for attribute image"
70200-BE,70200-BE*,"Wrong URL/path used for attribute image"
70200-BK,70200-BK*,"Wrong URL/path used for attribute image"
70200-GN,70200-GN*,"Wrong URL/path used for attribute image"
70200-LBE,70200-LBE*,"Wrong URL/path used for attribute image"
70200-LGN,70200-LGN*,"Wrong URL/path used for attribute image"
70200-MG,70200-MG*,"Wrong URL/path used for attribute image"
70200-OE,70200-OE*,"Wrong URL/path used for attribute image"
70200-PE,70200-PE*,"Wrong URL/path used for attribute image"
70200-RD,70200-RD*,"Wrong URL/path used for attribute image"
70200-WE,70200-WE*,"Wrong URL/path used for attribute image"
70200-YW,70200-YW*,"Wrong URL/path used for attribute image"
70201-BE,70201-BE*,"Wrong URL/path used for attribute image"
70201-BK,70201-BK*,"Wrong URL/path used for attribute image"
70201-GN,70201-GN*,"Wrong URL/path used for attribute image"
70201-LBE,70201-LBE*,"Wrong URL/path used for attribute image"
70201-LGN,70201-LGN*,"Wrong URL/path used for attribute image"
70201-MG,70201-MG*,"Wrong URL/path used for attribute image"
70201-OE,70201-OE*,"Wrong URL/path used for attribute image"
70201-PE,70201-PE*,"Wrong URL/path used for attribute image"
70201-RD,70201-RD*,"Wrong URL/path used for attribute image"
70201-WE,70201-WE*,"Wrong URL/path used for attribute image"
70201-YW,70201-YW*,"Wrong URL/path used for attribute image"
70202-NGN,70202-NGN*,"Wrong URL/path used for attribute image"
70202-NOE,70202-NOE*,"Wrong URL/path used for attribute image"
70203-NGN,70203-NGN*,"Wrong URL/path used for attribute image"
70203-NOE,70203-NOE*,"Wrong URL/path used for attribute image"
70204,70204*,"Wrong URL/path used for attribute image"
70205,70205*,"Wrong URL/path used for attribute image"
70206-BE,70206-BE*,"Wrong URL/path used for attribute image"
70206-BK,70206-BK*,"Wrong URL/path used for attribute image"
70206-LBE,70206-LBE*,"Wrong URL/path used for attribute image"
70206-LGN,70206-LGN*,"Wrong URL/path used for attribute image"
70206-MG,70206-MG*,"Wrong URL/path used for attribute image"
70206-OE,70206-OE*,"Wrong URL/path used for attribute image"
70206-RD,70206-RD*,"Wrong URL/path used for attribute image"
70206-WE,70206-WE*,"Wrong URL/path used for attribute image"
70207-BE,70207-BE*,"Wrong URL/path used for attribute image"
70207-BK,70207-BK*,"Wrong URL/path used for attribute image"
70207-LBE,70207-LBE*,"Wrong URL/path used for attribute image"
70207-LGN,70207-LGN*,"Wrong URL/path used for attribute image"
70207-MG,70207-MG*,"Wrong URL/path used for attribute image"
70207-OE,70207-OE*,"Wrong URL/path used for attribute image"
70207-RD,70207-RD*,"Wrong URL/path used for attribute image"
70207-WE,70207-WE*,"Wrong URL/path used for attribute image"
70208,70208*,"Wrong URL/path used for attribute image"
70209,70209*,"Wrong URL/path used for attribute image"
70210-BEBE,70210-BEBE*,"Wrong URL/path used for attribute image"
70210-BELGN,70210-BELGN*,"Wrong URL/path used for attribute image"
70210-BEOE,70210-BEOE*,"Wrong URL/path used for attribute image"
70210-BEYW,70210-BEYW*,"Wrong URL/path used for attribute image"
70210-BKBK,70210-BKBK*,"Wrong URL/path used for attribute image"
70210-BKLBE,70210-BKLBE*,"Wrong URL/path used for attribute image"
70210-BKOE,70210-BKOE*,"Wrong URL/path used for attribute image"
70210-BKYW,70210-BKYW*,"Wrong URL/path used for attribute image"
70210-RDBK,70210-RDBK*,"Wrong URL/path used for attribute image"
70210-RDRD,70210-RDRD*,"Wrong URL/path used for attribute image"
70210-WELGN,70210-WELGN*,"Wrong URL/path used for attribute image"
70210-WEMG,70210-WEMG*,"Wrong URL/path used for attribute image"
70210-WEOE,70210-WEOE*,"Wrong URL/path used for attribute image"
70210-WEWE,70210-WEWE*,"Wrong URL/path used for attribute image"
70211-BE,70211-BE*,"Wrong URL/path used for attribute image"
70211-BK,70211-BK*,"Wrong URL/path used for attribute image"
70211-LBE,70211-LBE*,"Wrong URL/path used for attribute image"
70211-LGN,70211-LGN*,"Wrong URL/path used for attribute image"
70211-MG,70211-MG*,"Wrong URL/path used for attribute image"
70211-OE,70211-OE*,"Wrong URL/path used for attribute image"
70211-RD,70211-RD*,"Wrong URL/path used for attribute image"
70211-WE,70211-WE*,"Wrong URL/path used for attribute image"
70212-WESR,70212-WESR*,"Wrong URL/path used for attribute image"
70213-BK,70213-BK*,"Wrong URL/path used for attribute image"
70213-WE,70213-WE*,"Wrong URL/path used for attribute image"
70215-BE,70215-BE*,"Wrong URL/path used for attribute image"
70215-BE/WE/RD,70215-BE_WE_RD*,"Wrong URL/path used for attribute image"
70215-BK,70215-BK*,"Wrong URL/path used for attribute image"
70215-BK/GY/RD,70215-BK_GY_RD*,"Wrong URL/path used for attribute image"
70215-LBE,70215-LBE*,"Wrong URL/path used for attribute image"
70215-LGN,70215-LGN*,"Wrong URL/path used for attribute image"
70215-MG,70215-MG*,"Wrong URL/path used for attribute image"
70215-OE,70215-OE*,"Wrong URL/path used for attribute image"
70215-RD,70215-RD*,"Wrong URL/path used for attribute image"
70215-SR/BE/OE,70215-SR_BE_OE*,"Wrong URL/path used for attribute image"
70215-SR/BN/RD,70215-SR_BN_RD*,"Wrong URL/path used for attribute image"
70215-WE,70215-WE*,"Wrong URL/path used for attribute image"
70215-YW,70215-YW*,"Wrong URL/path used for attribute image"
70216,70216*,"Wrong URL/path used for attribute image"
70217,70217*,"Wrong URL/path used for attribute image"
70218,70218*,"Wrong URL/path used for attribute image"
70219,70219*,"Wrong URL/path used for attribute image"
70220,70220*,"Wrong URL/path used for attribute image"
70221,70221*,"Wrong URL/path used for attribute image"
70222,70222*,"Wrong URL/path used for attribute image"
70223,70223*,"Wrong URL/path used for attribute image"
70224,70224*,"Wrong URL/path used for attribute image"
70225,70225*,"Wrong URL/path used for attribute image"
70227,70227*,"Wrong URL/path used for attribute image"
70228-BK,70228-BK*,"Wrong URL/path used for attribute image"
70228-MG,70228-MG*,"Wrong URL/path used for attribute image"
70229,70229*,"Wrong URL/path used for attribute image"
70230,70230*,"Wrong URL/path used for attribute image"
70231-BE,70231-BE*,"Wrong URL/path used for attribute image"
70231-BK,70231-BK*,"Wrong URL/path used for attribute image"
70231-BN,70231-BN*,"Wrong URL/path used for attribute image"
70231-LBE,70231-LBE*,"Wrong URL/path used for attribute image"
70231-LGN,70231-LGN*,"Wrong URL/path used for attribute image"
70231-OE,70231-OE*,"Wrong URL/path used for attribute image"
"70380-BK 01","70380-BK 01*","Wrong URL/path used for attribute image"
"70380-SR 34","70380-SR 34*","Wrong URL/path used for attribute image"
"70380-WE 35","70380-WE 35*","Wrong URL/path used for attribute image"
"70420-BK 01","70420-BK 01*","Wrong URL/path used for attribute image"
"70420-SR 34","70420-SR 34*","Wrong URL/path used for attribute image"
"70420-WE 35","70420-WE 35*","Wrong URL/path used for attribute image"
70555-BE,70555-BE*,"Wrong URL/path used for attribute image"
70555-BK,70555-BK*,"Wrong URL/path used for attribute image"
70555-BN,70555-BN*,"Wrong URL/path used for attribute image"
70555-GN,70555-GN*,"Wrong URL/path used for attribute image"
70555-GY,70555-GY*,"Wrong URL/path used for attribute image"
70555-LBE,70555-LBE*,"Wrong URL/path used for attribute image"
70555-LGN,70555-LGN*,"Wrong URL/path used for attribute image"
70555-MG,70555-MG*,"Wrong URL/path used for attribute image"
70555-OE,70555-OE*,"Wrong URL/path used for attribute image"
70555-PE,70555-PE*,"Wrong URL/path used for attribute image"
70555-RD,70555-RD*,"Wrong URL/path used for attribute image"
70555-WE,70555-WE*,"Wrong URL/path used for attribute image"
70555-YW,70555-YW*,"Wrong URL/path used for attribute image"
70777-SR,70777-SR*,"Wrong URL/path used for attribute image"
70888-BE,70888-BE*,"Wrong URL/path used for attribute image"
70888-BK,70888-BK*,"Wrong URL/path used for attribute image"
70888-BN,70888-BN*,"Wrong URL/path used for attribute image"
70888-GN,70888-GN*,"Wrong URL/path used for attribute image"
70888-GY,70888-GY*,"Wrong URL/path used for attribute image"
70888-LBE,70888-LBE*,"Wrong URL/path used for attribute image"
70888-LGN,70888-LGN*,"Wrong URL/path used for attribute image"
70888-MG,70888-MG*,"Wrong URL/path used for attribute image"
70888-OE,70888-OE*,"Wrong URL/path used for attribute image"
70888-PE,70888-PE*,"Wrong URL/path used for attribute image"
70888-RD,70888-RD*,"Wrong URL/path used for attribute image"
70888-WE,70888-WE*,"Wrong URL/path used for attribute image"
70888-YW,70888-YW*,"Wrong URL/path used for attribute image"
70999-BK,70999-BK*,"Wrong URL/path used for attribute image"
70999-WE,70999-WE*,"Wrong URL/path used for attribute image"
9010200,9010200*,"Wrong URL/path used for attribute image"
FP50-700-712-904-906,FP50-700-712-904-906*,"Wrong URL/path used for attribute image"
FP50-713-905-906,FP50-713-905-906*,"Wrong URL/path used for attribute image"
WP02,WP02*,"Wrong URL/path used for attribute image"
WP03,WP03*,"Wrong URL/path used for attribute image"
WP04,WP04*,"Wrong URL/path used for attribute image"
WP05,WP05*,"Wrong URL/path used for attribute image"
WP07,WP07*,"Wrong URL/path used for attribute image"
WP08,WP08*,"Wrong URL/path used for attribute image"
WP09,WP09*,"Wrong URL/path used for attribute image"
