sku,price,errors
10001,1.420,"Product Type is invalid or not supported"
10001-S,1.690,"Product Type is invalid or not supported"
10003,1.780,"Product Type is invalid or not supported"
10004,1.780,"Product Type is invalid or not supported"
10005,1.780,"Product Type is invalid or not supported"
10006,1.780,"Product Type is invalid or not supported"
10007,1.780,"Product Type is invalid or not supported"
10008,1.780,"Product Type is invalid or not supported"
10009,1.780,"Product Type is invalid or not supported"
10010,1.780,"Product Type is invalid or not supported"
10011,1.780,"Product Type is invalid or not supported"
10012,1.780,"Product Type is invalid or not supported"
10013,1.780,"Product Type is invalid or not supported"
10057,1.680,"Product Type is invalid or not supported"
10060,1.880,"Product Type is invalid or not supported"
10062,2.090,"Product Type is invalid or not supported"
10063,1.880,"Product Type is invalid or not supported"
10094,3.460,"Product Type is invalid or not supported"
10094-M,3.460,"Product Type is invalid or not supported"
10137-DBE,2.720,"Product Type is invalid or not supported"
10137-LGN,2.720,"Product Type is invalid or not supported"
10145,3.460,"Product Type is invalid or not supported"
10155,1.600,"Product Type is invalid or not supported"
10156,1.600,"Product Type is invalid or not supported"
10157,1.560,"Product Type is invalid or not supported"
10158,1.590,"Product Type is invalid or not supported"
10159,1.590,"Product Type is invalid or not supported"
10178,1.460,"Product Type is invalid or not supported"
10180-BE,1.430,"Product Type is invalid or not supported"
10180-BK,1.430,"Product Type is invalid or not supported"
10180-RD,1.430,"Product Type is invalid or not supported"
10192,2.480,"Product Type is invalid or not supported"
10193-M,2.420,"Product Type is invalid or not supported"
10193-S,2.420,"Product Type is invalid or not supported"
10201-RD,2.930,"Product Type is invalid or not supported"
10201-S,2.480,"Product Type is invalid or not supported"
10203,3.250,"Product Type is invalid or not supported"
10204,3.550,"Product Type is invalid or not supported"
10210,2.590,"Product Type is invalid or not supported"
10211,2.130,"Product Type is invalid or not supported"
10212,2.590,"Product Type is invalid or not supported"
10230,2.420,"Product Type is invalid or not supported"
10246-RD,1.280,"Product Type is invalid or not supported"
10251,2.820,"Product Type is invalid or not supported"
10252,3.720,"Product Type is invalid or not supported"
10258,3.130,"Product Type is invalid or not supported"
10259,1.990,"Product Type is invalid or not supported"
10260,2.190,"Product Type is invalid or not supported"
10261,1.990,"Product Type is invalid or not supported"
10262-MG,4.190,"Product Type is invalid or not supported"
10264-WE,2.400,"Product Type is invalid or not supported"
10266,5.820,"Product Type is invalid or not supported"
10268,3.350,"Product Type is invalid or not supported"
10269-BK,3.720,"Product Type is invalid or not supported"
10274,2.990,"Product Type is invalid or not supported"
10275,5.030,"Product Type is invalid or not supported"
10280,1.280,"Product Type is invalid or not supported"
10281,1.280,"Product Type is invalid or not supported"
10282,2.390,"Product Type is invalid or not supported"
10283,3.130,"Product Type is invalid or not supported"
10284,1.680,"Product Type is invalid or not supported"
10284-M,1.460,"Product Type is invalid or not supported"
10285-BE,1.880,"Product Type is invalid or not supported"
10285-BK,1.880,"Product Type is invalid or not supported"
10286-BK,0.830,"Product Type is invalid or not supported"
10286-WE,0.830,"Product Type is invalid or not supported"
10289,2.720,"Product Type is invalid or not supported"
10290,2.400,"Product Type is invalid or not supported"
10291,2.720,"Product Type is invalid or not supported"
10292,2.820,"Product Type is invalid or not supported"
10294,1.560,"Product Type is invalid or not supported"
10295-BK,0.690,"Product Type is invalid or not supported"
10295-SR,0.690,"Product Type is invalid or not supported"
10296-BK,0.490,"Product Type is invalid or not supported"
10296-SR,0.490,"Product Type is invalid or not supported"
10297-BK,1.030,"Product Type is invalid or not supported"
10297-DBE,1.030,"Product Type is invalid or not supported"
10297-DGN,1.030,"Product Type is invalid or not supported"
10297-GD,1.030,"Product Type is invalid or not supported"
10297-OE,1.030,"Product Type is invalid or not supported"
10297-SR,1.030,"Product Type is invalid or not supported"
10298-BK,0.560,"Product Type is invalid or not supported"
10298-RD,0.560,"Product Type is invalid or not supported"
10300-GM,2.930,"Product Type is invalid or not supported"
10301-GM,3.130,"Product Type is invalid or not supported"
10303-BK,0.920,"Product Type is invalid or not supported"
10303-DBE,0.920,"Product Type is invalid or not supported"
10303-DGY,0.920,"Product Type is invalid or not supported"
10303-LGN,0.920,"Product Type is invalid or not supported"
10303-OE,0.920,"Product Type is invalid or not supported"
10303-RD,0.920,"Product Type is invalid or not supported"
10303-SR,0.920,"Product Type is invalid or not supported"
10306,2.090,"Product Type is invalid or not supported"
10307,1.680,"Product Type is invalid or not supported"
10308,2.090,"Product Type is invalid or not supported"
10309-BE,1.180,"Product Type is invalid or not supported"
10309-BK,1.180,"Product Type is invalid or not supported"
10309-LBE,1.180,"Product Type is invalid or not supported"
10309-LGN,1.180,"Product Type is invalid or not supported"
10309-LMG,1.180,"Product Type is invalid or not supported"
10309-OE,1.180,"Product Type is invalid or not supported"
10309-PE,1.180,"Product Type is invalid or not supported"
10309-RD,1.180,"Product Type is invalid or not supported"
10309-WE,1.180,"Product Type is invalid or not supported"
10311,1.780,"Product Type is invalid or not supported"
10312,1.780,"Product Type is invalid or not supported"
10313,1.780,"Product Type is invalid or not supported"
10314,1.780,"Product Type is invalid or not supported"
10315,1.960,"Product Type is invalid or not supported"
10316,2.500,"Product Type is invalid or not supported"
10317,2.500,"Product Type is invalid or not supported"
10318,2.500,"Product Type is invalid or not supported"
10319,1.560,"Product Type is invalid or not supported"
10320,2.620,"Product Type is invalid or not supported"
10321-BK,2.090,"Product Type is invalid or not supported"
10322,1.560,"Product Type is invalid or not supported"
10325-BE,3.490,"Product Type is invalid or not supported"
10325-DGY,3.490,"Product Type is invalid or not supported"
10327,1.700,"Product Type is invalid or not supported"
10328,1.700,"Product Type is invalid or not supported"
10329,1.700,"Product Type is invalid or not supported"
10330,1.700,"Product Type is invalid or not supported"
10331,1.700,"Product Type is invalid or not supported"
10332,1.700,"Product Type is invalid or not supported"
10333,1.850,"Product Type is invalid or not supported"
10334,1.850,"Product Type is invalid or not supported"
10335,1.850,"Product Type is invalid or not supported"
10336,2.690,"Product Type is invalid or not supported"
10337,2.490,"Product Type is invalid or not supported"
10338-BE,1.690,"Product Type is invalid or not supported"
10338-BK,1.690,"Product Type is invalid or not supported"
10338-LGN,1.690,"Product Type is invalid or not supported"
10338-RD,1.690,"Product Type is invalid or not supported"
10338-WE,1.690,"Product Type is invalid or not supported"
10338-YW,1.690,"Product Type is invalid or not supported"
10339-BE,1.690,"Product Type is invalid or not supported"
10339-BK,1.690,"Product Type is invalid or not supported"
10339-LGN,1.690,"Product Type is invalid or not supported"
10339-RD,1.690,"Product Type is invalid or not supported"
10339-WE,1.690,"Product Type is invalid or not supported"
10339-YW,1.690,"Product Type is invalid or not supported"
10340-BE,0.390,"Product Type is invalid or not supported"
10340-RD,0.390,"Product Type is invalid or not supported"
10341-BE,0.390,"Product Type is invalid or not supported"
10341-BK,0.390,"Product Type is invalid or not supported"
10341-OE,0.390,"Product Type is invalid or not supported"
10341-RD,0.390,"Product Type is invalid or not supported"
10341-WE,0.390,"Product Type is invalid or not supported"
10341-YW,0.390,"Product Type is invalid or not supported"
19011-SR/W,1.990,"Product Type is invalid or not supported"
19013-SR/W,2.290,"Product Type is invalid or not supported"
19017,6.460,"Product Type is invalid or not supported"
19018,6.150,"Product Type is invalid or not supported"
19022,7.330,"Product Type is invalid or not supported"
19023,15.730,"Product Type is invalid or not supported"
19027,49.330,"Product Type is invalid or not supported"
19031,10.450,"Product Type is invalid or not supported"
19033,3.460,"Product Type is invalid or not supported"
19036,1.990,"Product Type is invalid or not supported"
19037,3.560,"Product Type is invalid or not supported"
19039,2.620,"Product Type is invalid or not supported"
19040-BK,1.850,"Product Type is invalid or not supported"
19040-SR,1.850,"Product Type is invalid or not supported"
19042,8.720,"Product Type is invalid or not supported"
19043-BE,1.950,"Product Type is invalid or not supported"
19043-BK,1.950,"Product Type is invalid or not supported"
19043-RD,1.950,"Product Type is invalid or not supported"
19043-SR,1.950,"Product Type is invalid or not supported"
19044,7.330,"Product Type is invalid or not supported"
19045,7.330,"Product Type is invalid or not supported"
19046-BE,1.030,"Product Type is invalid or not supported"
19046-BK,1.030,"Product Type is invalid or not supported"
19046-RD,1.030,"Product Type is invalid or not supported"
19046-SR,1.030,"Product Type is invalid or not supported"
19047-BK,1.880,"Product Type is invalid or not supported"
19047-SR,1.880,"Product Type is invalid or not supported"
19048,1.990,"Product Type is invalid or not supported"
2010020,3.090,"Product Type is invalid or not supported"
2010052,1.360,"Product Type is invalid or not supported"
2010120,3.120,"Product Type is invalid or not supported"
2010138,6.700,"Product Type is invalid or not supported"
2010158,0.580,"Product Type is invalid or not supported"
2010159,0.580,"Product Type is invalid or not supported"
2010200,0.390,"Product Type is invalid or not supported"
2010201,0.390,"Product Type is invalid or not supported"
2050331,2.090,"Product Type is invalid or not supported"
2060018,5.820,"Product Type is invalid or not supported"
3010020,3.090,"Product Type is invalid or not supported"
3010158,0.580,"Product Type is invalid or not supported"
3010200,0.390,"Product Type is invalid or not supported"
4010158,0.580,"Product Type is invalid or not supported"
50002,3.350,"Product Type is invalid or not supported"
50007-M,8.390,"Product Type is invalid or not supported"
50013-M,9.960,"Product Type is invalid or not supported"
50015,2.190,"Product Type is invalid or not supported"
50019,1.560,"Product Type is invalid or not supported"
50020,1.560,"Product Type is invalid or not supported"
50021,1.560,"Product Type is invalid or not supported"
50022,1.560,"Product Type is invalid or not supported"
50038,3.250,"Product Type is invalid or not supported"
50042,2.620,"Product Type is invalid or not supported"
50046,5.230,"Product Type is invalid or not supported"
50046-M,5.230,"Product Type is invalid or not supported"
50057,2.290,"Product Type is invalid or not supported"
50058,3.720,"Product Type is invalid or not supported"
50061,14.280,"Product Type is invalid or not supported"
50072-M,5.200,"Product Type is invalid or not supported"
5010158,0.580,"Product Type is invalid or not supported"
50103,3.780,"Product Type is invalid or not supported"
50108,19.990,"Product Type is invalid or not supported"
50178,3.550,"Product Type is invalid or not supported"
50185,12.430,"Product Type is invalid or not supported"
50192,2.190,"Product Type is invalid or not supported"
50240,3.460,"Product Type is invalid or not supported"
50264,3.290,"Product Type is invalid or not supported"
50290,16.790,"Product Type is invalid or not supported"
50306,3.350,"Product Type is invalid or not supported"
50314,7.330,"Product Type is invalid or not supported"
50334,22.360,"Product Type is invalid or not supported"
50347,4.290,"Product Type is invalid or not supported"
50347-DGY,4.290,"Product Type is invalid or not supported"
50347-OE,4.290,"Product Type is invalid or not supported"
50354,9.990,"Product Type is invalid or not supported"
50354-DGY,9.990,"Product Type is invalid or not supported"
50403,28.290,"Product Type is invalid or not supported"
50439,13.580,"Product Type is invalid or not supported"
50464,30.020,"Product Type is invalid or not supported"
50485,6.700,"Product Type is invalid or not supported"
50524,4.990,"Product Type is invalid or not supported"
50542,24.560,"Product Type is invalid or not supported"
50581,5.200,"Product Type is invalid or not supported"
50588,3.720,"Product Type is invalid or not supported"
50589,5.560,"Product Type is invalid or not supported"
50592,20.520,"Product Type is invalid or not supported"
50601,3.250,"Product Type is invalid or not supported"
50611,7.330,"Product Type is invalid or not supported"
50612-SR,2.720,"Product Type is invalid or not supported"
50615,1.590,"Product Type is invalid or not supported"
50616,0.980,"Product Type is invalid or not supported"
50617-SR,1.100,"Product Type is invalid or not supported"
50623,6.200,"Product Type is invalid or not supported"
50636,36.900,"Product Type is invalid or not supported"
50652-BE,3.720,"Product Type is invalid or not supported"
50656,4.600,"Product Type is invalid or not supported"
50660,9.330,"Product Type is invalid or not supported"
50664,2.720,"Product Type is invalid or not supported"
50672,2.300,"Product Type is invalid or not supported"
50673,7.450,"Product Type is invalid or not supported"
50674,4.390,"Product Type is invalid or not supported"
50675,4.690,"Product Type is invalid or not supported"
50679,3.980,"Product Type is invalid or not supported"
50682,11.030,"Product Type is invalid or not supported"
50690-BE,1.560,"Product Type is invalid or not supported"
50690-GY,1.560,"Product Type is invalid or not supported"
50690-SR,1.560,"Product Type is invalid or not supported"
50694-BE,3.690,"Product Type is invalid or not supported"
50694-BK,3.690,"Product Type is invalid or not supported"
50694-BKR,3.690,"Product Type is invalid or not supported"
50694-DGN,3.690,"Product Type is invalid or not supported"
50694-LRD,3.690,"Product Type is invalid or not supported"
50694-M,3.690,"Product Type is invalid or not supported"
50694-MG,3.690,"Product Type is invalid or not supported"
50694-RD,3.690,"Product Type is invalid or not supported"
50694-S,3.690,"Product Type is invalid or not supported"
50694-WEC,3.690,"Product Type is invalid or not supported"
50703,3.720,"Product Type is invalid or not supported"
50703-DGY,3.720,"Product Type is invalid or not supported"
50703-OE,3.720,"Product Type is invalid or not supported"
50719,2.480,"Product Type is invalid or not supported"
50732,11.180,"Product Type is invalid or not supported"
50733,3.250,"Product Type is invalid or not supported"
50776,4.600,"Product Type is invalid or not supported"
50793,5.980,"Product Type is invalid or not supported"
50801,18.320,"Product Type is invalid or not supported"
50805,6.760,"Product Type is invalid or not supported"
50806,11.590,"Product Type is invalid or not supported"
50810,10.500,"Product Type is invalid or not supported"
50811,4.290,"Product Type is invalid or not supported"
50812,10.500,"Product Type is invalid or not supported"
50822,11.700,"Product Type is invalid or not supported"
50823,10.490,"Product Type is invalid or not supported"
50826,7.330,"Product Type is invalid or not supported"
50847-RD,4.280,"Product Type is invalid or not supported"
50858,16.990,"Product Type is invalid or not supported"
50868,18.680,"Product Type is invalid or not supported"
50883-GY,2.230,"Product Type is invalid or not supported"
50884-CR,2.230,"Product Type is invalid or not supported"
50884-GY,2.230,"Product Type is invalid or not supported"
50891,13.080,"Product Type is invalid or not supported"
50895-SR,2.720,"Product Type is invalid or not supported"
50903,0.820,"Product Type is invalid or not supported"
50904,15.590,"Product Type is invalid or not supported"
50920,3.980,"Product Type is invalid or not supported"
50931,15.000,"Product Type is invalid or not supported"
50936,3.030,"Product Type is invalid or not supported"
50937,3.030,"Product Type is invalid or not supported"
50943,1.290,"Product Type is invalid or not supported"
50950,3.460,"Product Type is invalid or not supported"
50952,58.580,"Product Type is invalid or not supported"
50973,8.390,"Product Type is invalid or not supported"
50976,16.160,"Product Type is invalid or not supported"
50981,14.280,"Product Type is invalid or not supported"
51002,8.390,"Product Type is invalid or not supported"
51003,5.200,"Product Type is invalid or not supported"
51006,10.850,"Product Type is invalid or not supported"
51012,5.990,"Product Type is invalid or not supported"
51015,12.960,"Product Type is invalid or not supported"
51018-BK,8.800,"Product Type is invalid or not supported"
51032,7.330,"Product Type is invalid or not supported"
51033,10.490,"Product Type is invalid or not supported"
51035,7.820,"Product Type is invalid or not supported"
51048,12.430,"Product Type is invalid or not supported"
51062,19.920,"Product Type is invalid or not supported"
51069-BE,1.030,"Product Type is invalid or not supported"
51069-RD,1.030,"Product Type is invalid or not supported"
51069-SR,1.030,"Product Type is invalid or not supported"
51069-WE,1.030,"Product Type is invalid or not supported"
51071,27.490,"Product Type is invalid or not supported"
51078,3.880,"Product Type is invalid or not supported"
51079,3.880,"Product Type is invalid or not supported"
51082,5.200,"Product Type is invalid or not supported"
51084-OE,1.990,"Product Type is invalid or not supported"
51085-BK,4.990,"Product Type is invalid or not supported"
51085-GN,4.990,"Product Type is invalid or not supported"
51085-LBE,4.990,"Product Type is invalid or not supported"
51085-RD,4.990,"Product Type is invalid or not supported"
51091-LBE,2.850,"Product Type is invalid or not supported"
51105,13.850,"Product Type is invalid or not supported"
51112,9.080,"Product Type is invalid or not supported"
51113,20.950,"Product Type is invalid or not supported"
51140,3.990,"Product Type is invalid or not supported"
51154,4.990,"Product Type is invalid or not supported"
51155,6.600,"Product Type is invalid or not supported"
51161,1.850,"Product Type is invalid or not supported"
51165,13.080,"Product Type is invalid or not supported"
51170,34.280,"Product Type is invalid or not supported"
51173,12.430,"Product Type is invalid or not supported"
51176,4.990,"Product Type is invalid or not supported"
51181,4.190,"Product Type is invalid or not supported"
51182,3.990,"Product Type is invalid or not supported"
51187,3.560,"Product Type is invalid or not supported"
51195,9.960,"Product Type is invalid or not supported"
51196,6.080,"Product Type is invalid or not supported"
51197,7.230,"Product Type is invalid or not supported"
51198,9.230,"Product Type is invalid or not supported"
51202,4.190,"Product Type is invalid or not supported"
51206,13.230,"Product Type is invalid or not supported"
51207,7.820,"Product Type is invalid or not supported"
51208,5.760,"Product Type is invalid or not supported"
51213,14.500,"Product Type is invalid or not supported"
51214,21.620,"Product Type is invalid or not supported"
51225,0.420,"Product Type is invalid or not supported"
51240,12.080,"Product Type is invalid or not supported"
51241,2.420,"Product Type is invalid or not supported"
51242-BK,1.460,"Product Type is invalid or not supported"
51251,14.990,"Product Type is invalid or not supported"
51265-BK,5.200,"Product Type is invalid or not supported"
51290,9.990,"Product Type is invalid or not supported"
51291,16.790,"Product Type is invalid or not supported"
51294,43.580,"Product Type is invalid or not supported"
51295-GY,8.930,"Product Type is invalid or not supported"
51299,24.130,"Product Type is invalid or not supported"
51310,8.720,"Product Type is invalid or not supported"
51311,8.080,"Product Type is invalid or not supported"
51323-RD,0.420,"Product Type is invalid or not supported"
51327,10.390,"Product Type is invalid or not supported"
51330,2.620,"Product Type is invalid or not supported"
51338,6.920,"Product Type is invalid or not supported"
51339,9.190,"Product Type is invalid or not supported"
51340,4.190,"Product Type is invalid or not supported"
51341,4.290,"Product Type is invalid or not supported"
51348,4.590,"Product Type is invalid or not supported"
51350,1.500,"Product Type is invalid or not supported"
51351,1.500,"Product Type is invalid or not supported"
51354,3.660,"Product Type is invalid or not supported"
51356,3.990,"Product Type is invalid or not supported"
51357,4.820,"Product Type is invalid or not supported"
51358,7.330,"Product Type is invalid or not supported"
51359,13.630,"Product Type is invalid or not supported"
51360,10.450,"Product Type is invalid or not supported"
51361,6.200,"Product Type is invalid or not supported"
51364,6.600,"Product Type is invalid or not supported"
51367,2.930,"Product Type is invalid or not supported"
51369,16.790,"Product Type is invalid or not supported"
51371,2.720,"Product Type is invalid or not supported"
51374,10.490,"Product Type is invalid or not supported"
51376,24.980,"Product Type is invalid or not supported"
51377,4.190,"Product Type is invalid or not supported"
51377-S,3.690,"Product Type is invalid or not supported"
51377-SR,3.690,"Product Type is invalid or not supported"
51378,10.490,"Product Type is invalid or not supported"
51381,9.990,"Product Type is invalid or not supported"
51391,11.030,"Product Type is invalid or not supported"
51393,28.660,"Product Type is invalid or not supported"
51394,19.930,"Product Type is invalid or not supported"
51401-BE,0.790,"Product Type is invalid or not supported"
51401-RD,0.790,"Product Type is invalid or not supported"
51401-WE,0.790,"Product Type is invalid or not supported"
51402-WE,1.030,"Product Type is invalid or not supported"
51405,8.350,"Product Type is invalid or not supported"
51410,3.130,"Product Type is invalid or not supported"
51412,12.430,"Product Type is invalid or not supported"
51413,5.760,"Product Type is invalid or not supported"
51414,6.920,"Product Type is invalid or not supported"
51415,4.400,"Product Type is invalid or not supported"
51416,8.720,"Product Type is invalid or not supported"
51417,15.730,"Product Type is invalid or not supported"
51418,1.490,"Product Type is invalid or not supported"
51419,1.490,"Product Type is invalid or not supported"
51423,11.180,"Product Type is invalid or not supported"
51424,52.330,"Product Type is invalid or not supported"
51427,6.080,"Product Type is invalid or not supported"
51428,11.860,"Product Type is invalid or not supported"
51430,2.480,"Product Type is invalid or not supported"
51433,4.960,"Product Type is invalid or not supported"
51437,6.590,"Product Type is invalid or not supported"
51438,5.200,"Product Type is invalid or not supported"
51440-BE,0.500,"Product Type is invalid or not supported"
51440-WE,0.500,"Product Type is invalid or not supported"
51441-BK,0.800,"Product Type is invalid or not supported"
51441-RD,0.800,"Product Type is invalid or not supported"
51441-WE,0.800,"Product Type is invalid or not supported"
51442,5.560,"Product Type is invalid or not supported"
51443,2.620,"Product Type is invalid or not supported"
51444,2.480,"Product Type is invalid or not supported"
51445,22.030,"Product Type is invalid or not supported"
51454,12.430,"Product Type is invalid or not supported"
51455,9.990,"Product Type is invalid or not supported"
51457,33.060,"Product Type is invalid or not supported"
51458-BE,0.880,"Product Type is invalid or not supported"
51458-GY,0.880,"Product Type is invalid or not supported"
51458-RD,0.880,"Product Type is invalid or not supported"
51460-BE,0.320,"Product Type is invalid or not supported"
51460-BK,0.320,"Product Type is invalid or not supported"
51460-RD,0.230,"Product Type is invalid or not supported"
51460-WE,0.320,"Product Type is invalid or not supported"
51462,26.230,"Product Type is invalid or not supported"
51467,0.920,"Product Type is invalid or not supported"
51467-BK,0.920,"Product Type is invalid or not supported"
51469,5.200,"Product Type is invalid or not supported"
51472,10.490,"Product Type is invalid or not supported"
51473,5.620,"Product Type is invalid or not supported"
51474,3.990,"Product Type is invalid or not supported"
51475,4.400,"Product Type is invalid or not supported"
51476,6.990,"Product Type is invalid or not supported"
51477,4.820,"Product Type is invalid or not supported"
51478,2.720,"Product Type is invalid or not supported"
51480,10.490,"Product Type is invalid or not supported"
51481,16.750,"Product Type is invalid or not supported"
51482,4.600,"Product Type is invalid or not supported"
51483,2.820,"Product Type is invalid or not supported"
51487,4.290,"Product Type is invalid or not supported"
51493,1.290,"Product Type is invalid or not supported"
51494,4.820,"Product Type is invalid or not supported"
51495,3.880,"Product Type is invalid or not supported"
51496,5.620,"Product Type is invalid or not supported"
51497,14.850,"Product Type is invalid or not supported"
51498,7.690,"Product Type is invalid or not supported"
51499,8.080,"Product Type is invalid or not supported"
51501,24.980,"Product Type is invalid or not supported"
51502,7.330,"Product Type is invalid or not supported"
51503,4.990,"Product Type is invalid or not supported"
51504,8.700,"Product Type is invalid or not supported"
51505,12.430,"Product Type is invalid or not supported"
51508,11.180,"Product Type is invalid or not supported"
51509,16.790,"Product Type is invalid or not supported"
51510,57.730,"Product Type is invalid or not supported"
51511-BK,3.720,"Product Type is invalid or not supported"
51511-SR,3.720,"Product Type is invalid or not supported"
51512,14.690,"Product Type is invalid or not supported"
51514,2.990,"Product Type is invalid or not supported"
51517-BE,3.290,"Product Type is invalid or not supported"
51517-LRD,3.290,"Product Type is invalid or not supported"
51518-BK,0.980,"Product Type is invalid or not supported"
51518-LRD,0.980,"Product Type is invalid or not supported"
51518-SR,0.980,"Product Type is invalid or not supported"
51518-WE,0.980,"Product Type is invalid or not supported"
51519,6.200,"Product Type is invalid or not supported"
51520,8.390,"Product Type is invalid or not supported"
51521,3.990,"Product Type is invalid or not supported"
51522,6.560,"Product Type is invalid or not supported"
51523,9.990,"Product Type is invalid or not supported"
51524,12.990,"Product Type is invalid or not supported"
51528,4.990,"Product Type is invalid or not supported"
51530,9.290,"Product Type is invalid or not supported"
51531,13.630,"Product Type is invalid or not supported"
51533,3.880,"Product Type is invalid or not supported"
51534,2.820,"Product Type is invalid or not supported"
51535,6.200,"Product Type is invalid or not supported"
51537,2.190,"Product Type is invalid or not supported"
51538,4.990,"Product Type is invalid or not supported"
51540-BK,1.150,"Product Type is invalid or not supported"
51540-WE,1.150,"Product Type is invalid or not supported"
51541-BK,0.800,"Product Type is invalid or not supported"
51541-WE,0.800,"Product Type is invalid or not supported"
51546,41.950,"Product Type is invalid or not supported"
51549,10.180,"Product Type is invalid or not supported"
51550,6.560,"Product Type is invalid or not supported"
51551,11.180,"Product Type is invalid or not supported"
51552,28.590,"Product Type is invalid or not supported"
51554,2.990,"Product Type is invalid or not supported"
51555,2.990,"Product Type is invalid or not supported"
51556,4.820,"Product Type is invalid or not supported"
51557,2.090,"Product Type is invalid or not supported"
51558,3.130,"Product Type is invalid or not supported"
51559,49.860,"Product Type is invalid or not supported"
51560,11.860,"Product Type is invalid or not supported"
51562-GD,1.730,"Product Type is invalid or not supported"
51562-SR,1.730,"Product Type is invalid or not supported"
51563,13.850,"Product Type is invalid or not supported"
51566,9.990,"Product Type is invalid or not supported"
51567,11.180,"Product Type is invalid or not supported"
51568,15.730,"Product Type is invalid or not supported"
51569,9.430,"Product Type is invalid or not supported"
51570,10.650,"Product Type is invalid or not supported"
51571,11.990,"Product Type is invalid or not supported"
51572,11.990,"Product Type is invalid or not supported"
51574,2.190,"Product Type is invalid or not supported"
51576-GY,11.500,"Product Type is invalid or not supported"
51576-RD,11.500,"Product Type is invalid or not supported"
51577,4.600,"Product Type is invalid or not supported"
51578,7.550,"Product Type is invalid or not supported"
51579,7.330,"Product Type is invalid or not supported"
51580,33.500,"Product Type is invalid or not supported"
51581,28.900,"Product Type is invalid or not supported"
51582-LGY,1.030,"Product Type is invalid or not supported"
51583-LGY,3.560,"Product Type is invalid or not supported"
51584-LGY,2.990,"Product Type is invalid or not supported"
51585-LGY,6.200,"Product Type is invalid or not supported"
51586-LGY,1.620,"Product Type is invalid or not supported"
51587-LGY,2.300,"Product Type is invalid or not supported"
51592,2.980,"Product Type is invalid or not supported"
51593,2.980,"Product Type is invalid or not supported"
51594,2.300,"Product Type is invalid or not supported"
51595,2.300,"Product Type is invalid or not supported"
51596,4.600,"Product Type is invalid or not supported"
51601,31.490,"Product Type is invalid or not supported"
51602,24.980,"Product Type is invalid or not supported"
51603,37.390,"Product Type is invalid or not supported"
51604,2.990,"Product Type is invalid or not supported"
51606-BK,2.990,"Product Type is invalid or not supported"
51606-SBE,2.990,"Product Type is invalid or not supported"
51606-SBK,1.850,"Product Type is invalid or not supported"
51608-BK,3.720,"Product Type is invalid or not supported"
51608-SBE,3.720,"Product Type is invalid or not supported"
51608-SBK,3.720,"Product Type is invalid or not supported"
51610-BK,2.690,"Product Type is invalid or not supported"
51610-OE,2.690,"Product Type is invalid or not supported"
51610-SBK,2.690,"Product Type is invalid or not supported"
51612,7.990,"Product Type is invalid or not supported"
51613,8.790,"Product Type is invalid or not supported"
51614,9.990,"Product Type is invalid or not supported"
51615-BK,0.760,"Product Type is invalid or not supported"
51615-RD,0.760,"Product Type is invalid or not supported"
51615-WE,0.760,"Product Type is invalid or not supported"
51618-BE,0.530,"Product Type is invalid or not supported"
51618-BK,0.530,"Product Type is invalid or not supported"
51618-RD,0.530,"Product Type is invalid or not supported"
51618-WE,0.530,"Product Type is invalid or not supported"
51619,16.790,"Product Type is invalid or not supported"
51620,10.490,"Product Type is invalid or not supported"
51621,12.590,"Product Type is invalid or not supported"
51623,2.720,"Product Type is invalid or not supported"
51625,14.990,"Product Type is invalid or not supported"
51626,12.990,"Product Type is invalid or not supported"
51627,6.290,"Product Type is invalid or not supported"
51629-BK,1.100,"Product Type is invalid or not supported"
51629-SR,1.100,"Product Type is invalid or not supported"
51629-WE,1.100,"Product Type is invalid or not supported"
51630,11.860,"Product Type is invalid or not supported"
51631,4.990,"Product Type is invalid or not supported"
51632,2.960,"Product Type is invalid or not supported"
51633,2.090,"Product Type is invalid or not supported"
51634,5.760,"Product Type is invalid or not supported"
51635,19.520,"Product Type is invalid or not supported"
51636,32.650,"Product Type is invalid or not supported"
51637,23.090,"Product Type is invalid or not supported"
51638-S,20.780,"Product Type is invalid or not supported"
51639,37.260,"Product Type is invalid or not supported"
51640,49.860,"Product Type is invalid or not supported"
51641,1.880,"Product Type is invalid or not supported"
51642,5.220,"Product Type is invalid or not supported"
51643,5.230,"Product Type is invalid or not supported"
51644,2.480,"Product Type is invalid or not supported"
51645,11.700,"Product Type is invalid or not supported"
51647,12.430,"Product Type is invalid or not supported"
51648,4.090,"Product Type is invalid or not supported"
51649,32.390,"Product Type is invalid or not supported"
51650-BK,0.630,"Product Type is invalid or not supported"
51650-SR,0.630,"Product Type is invalid or not supported"
51651,8.920,"Product Type is invalid or not supported"
51652,9.330,"Product Type is invalid or not supported"
51653,13.330,"Product Type is invalid or not supported"
51654,3.500,"Product Type is invalid or not supported"
51655,3.500,"Product Type is invalid or not supported"
51656,1.850,"Product Type is invalid or not supported"
51657,5.460,"Product Type is invalid or not supported"
51658,6.290,"Product Type is invalid or not supported"
51659,24.980,"Product Type is invalid or not supported"
51660,3.720,"Product Type is invalid or not supported"
51661,4.990,"Product Type is invalid or not supported"
51663,6.790,"Product Type is invalid or not supported"
51665-WE,1.520,"Product Type is invalid or not supported"
51666-BK,14.990,"Product Type is invalid or not supported"
51666-WE,14.990,"Product Type is invalid or not supported"
51667,29.900,"Product Type is invalid or not supported"
51668,8.350,"Product Type is invalid or not supported"
51669,3.990,"Product Type is invalid or not supported"
51671,17.420,"Product Type is invalid or not supported"
51672,12.430,"Product Type is invalid or not supported"
51673,4.600,"Product Type is invalid or not supported"
51674,11.490,"Product Type is invalid or not supported"
51676,3.120,"Product Type is invalid or not supported"
51677-BE,0.920,"Product Type is invalid or not supported"
51677-BK,0.920,"Product Type is invalid or not supported"
51677-RD,0.920,"Product Type is invalid or not supported"
51677-SR,0.920,"Product Type is invalid or not supported"
51679,18.680,"Product Type is invalid or not supported"
51681-BK,26.680,"Product Type is invalid or not supported"
51681-S,26.680,"Product Type is invalid or not supported"
51683,12.080,"Product Type is invalid or not supported"
51684,7.330,"Product Type is invalid or not supported"
51685,47.990,"Product Type is invalid or not supported"
51688-WEBE,0.280,"Product Type is invalid or not supported"
51688-WEBK,0.280,"Product Type is invalid or not supported"
51688-WELGN,0.280,"Product Type is invalid or not supported"
51688-WEMG,0.280,"Product Type is invalid or not supported"
51688-WEOE,0.180,"Product Type is invalid or not supported"
51688-WERD,0.280,"Product Type is invalid or not supported"
51688-WEWE,0.280,"Product Type is invalid or not supported"
51688-WEYW,0.280,"Product Type is invalid or not supported"
51689-BK,4.190,"Product Type is invalid or not supported"
51689-S,4.190,"Product Type is invalid or not supported"
51689-WE,4.190,"Product Type is invalid or not supported"
51690-BK,1.250,"Product Type is invalid or not supported"
51690-WE,1.250,"Product Type is invalid or not supported"
51693-BK,1.150,"Product Type is invalid or not supported"
51693-WE,1.150,"Product Type is invalid or not supported"
51694-BK,1.150,"Product Type is invalid or not supported"
51694-BKR,2.090,"Product Type is invalid or not supported"
51694-WE,1.150,"Product Type is invalid or not supported"
51694-WER,2.090,"Product Type is invalid or not supported"
51695-BK,5.980,"Product Type is invalid or not supported"
51695-WE,5.980,"Product Type is invalid or not supported"
51707-BE,0.390,"Product Type is invalid or not supported"
51707-BK,0.390,"Product Type is invalid or not supported"
51707-DGY,0.390,"Product Type is invalid or not supported"
51707-RD,0.390,"Product Type is invalid or not supported"
51708-BE,0.390,"Product Type is invalid or not supported"
51708-BK,0.390,"Product Type is invalid or not supported"
51708-DGY,0.390,"Product Type is invalid or not supported"
51708-RD,0.390,"Product Type is invalid or not supported"
51708-SR,0.390,"Product Type is invalid or not supported"
51709-BE,0.280,"Product Type is invalid or not supported"
51709-BK,0.280,"Product Type is invalid or not supported"
51709-DGY,0.280,"Product Type is invalid or not supported"
51709-RD,0.280,"Product Type is invalid or not supported"
51709-SR,0.280,"Product Type is invalid or not supported"
51713-BK,1.230,"Product Type is invalid or not supported"
51713-SR,1.230,"Product Type is invalid or not supported"
51714,14.990,"Product Type is invalid or not supported"
51715,11.990,"Product Type is invalid or not supported"
51716,7.990,"Product Type is invalid or not supported"
51717,1.150,"Product Type is invalid or not supported"
51718,5.760,"Product Type is invalid or not supported"
51719,5.990,"Product Type is invalid or not supported"
51720,7.330,"Product Type is invalid or not supported"
51721-BK,1.290,"Product Type is invalid or not supported"
51721-BKR,2.090,"Product Type is invalid or not supported"
51721-WE,1.360,"Product Type is invalid or not supported"
51721-WER,2.090,"Product Type is invalid or not supported"
51722,9.990,"Product Type is invalid or not supported"
51723,2.390,"Product Type is invalid or not supported"
51724,4.990,"Product Type is invalid or not supported"
51725,6.200,"Product Type is invalid or not supported"
51726,8.080,"Product Type is invalid or not supported"
51727,7.330,"Product Type is invalid or not supported"
51728,11.530,"Product Type is invalid or not supported"
51729,4.390,"Product Type is invalid or not supported"
51730,9.960,"Product Type is invalid or not supported"
51731,6.200,"Product Type is invalid or not supported"
51732,0.790,"Product Type is invalid or not supported"
51733,0.790,"Product Type is invalid or not supported"
51734,2.930,"Product Type is invalid or not supported"
51735-BK,0.290,"Product Type is invalid or not supported"
51735-RD,0.290,"Product Type is invalid or not supported"
51735-SR,0.290,"Product Type is invalid or not supported"
51736,12.430,"Product Type is invalid or not supported"
51737,6.200,"Product Type is invalid or not supported"
51738,3.990,"Product Type is invalid or not supported"
51739,6.920,"Product Type is invalid or not supported"
51740,6.920,"Product Type is invalid or not supported"
51741,8.390,"Product Type is invalid or not supported"
51742-BK,1.460,"Product Type is invalid or not supported"
51742-SR,1.460,"Product Type is invalid or not supported"
51742-WE,1.460,"Product Type is invalid or not supported"
51743,29.990,"Product Type is invalid or not supported"
51744,25.700,"Product Type is invalid or not supported"
51745-DGY,3.500,"Product Type is invalid or not supported"
51745-SR,3.500,"Product Type is invalid or not supported"
51746-BK,0.330,"Product Type is invalid or not supported"
51746-SR,0.330,"Product Type is invalid or not supported"
51746-WE,0.330,"Product Type is invalid or not supported"
51747,7.990,"Product Type is invalid or not supported"
51748,6.990,"Product Type is invalid or not supported"
51749,15.730,"Product Type is invalid or not supported"
51751,9.790,"Product Type is invalid or not supported"
51752,4.190,"Product Type is invalid or not supported"
51754,2.720,"Product Type is invalid or not supported"
51755,7.100,"Product Type is invalid or not supported"
51756,5.760,"Product Type is invalid or not supported"
51757,23.050,"Product Type is invalid or not supported"
51758,22.360,"Product Type is invalid or not supported"
51759,24.980,"Product Type is invalid or not supported"
51760,13.630,"Product Type is invalid or not supported"
51761,5.990,"Product Type is invalid or not supported"
51762,6.990,"Product Type is invalid or not supported"
51763,7.990,"Product Type is invalid or not supported"
51764-BK,3.130,"Product Type is invalid or not supported"
51764-OE,3.130,"Product Type is invalid or not supported"
51765-BK,4.190,"Product Type is invalid or not supported"
51765-OE,4.190,"Product Type is invalid or not supported"
51766-SR,6.290,"Product Type is invalid or not supported"
51767-L,6.880,"Product Type is invalid or not supported"
51767-S,3.460,"Product Type is invalid or not supported"
51767-XL,9.960,"Product Type is invalid or not supported"
51771,19.990,"Product Type is invalid or not supported"
51772,6.590,"Product Type is invalid or not supported"
51773,2.990,"Product Type is invalid or not supported"
51774,7.990,"Product Type is invalid or not supported"
51776,19.990,"Product Type is invalid or not supported"
51777-BK,4.990,"Product Type is invalid or not supported"
51777-BK-R,4.990,"Product Type is invalid or not supported"
51777-WE,4.990,"Product Type is invalid or not supported"
51777-WE-R,4.990,"Product Type is invalid or not supported"
51778,3.990,"Product Type is invalid or not supported"
51779-BE,13.990,"Product Type is invalid or not supported"
51779-BK,13.990,"Product Type is invalid or not supported"
51779-RD,13.990,"Product Type is invalid or not supported"
51779-WE,13.990,"Product Type is invalid or not supported"
51780-BE,13.580,"Product Type is invalid or not supported"
51780-BK,13.580,"Product Type is invalid or not supported"
51780-RD,17.990,"Product Type is invalid or not supported"
51780-WE,13.580,"Product Type is invalid or not supported"
51781,4.990,"Product Type is invalid or not supported"
51782,14.290,"Product Type is invalid or not supported"
51783,19.990,"Product Type is invalid or not supported"
51784-BE,3.990,"Product Type is invalid or not supported"
51784-BK,3.990,"Product Type is invalid or not supported"
51784-RD,3.990,"Product Type is invalid or not supported"
51784-SR,3.990,"Product Type is invalid or not supported"
51785,9.990,"Product Type is invalid or not supported"
51789-BE,3.790,"Product Type is invalid or not supported"
51789-BK,3.790,"Product Type is invalid or not supported"
51789-RD,3.790,"Product Type is invalid or not supported"
51789-WE,3.790,"Product Type is invalid or not supported"
51790-BE,0.930,"Product Type is invalid or not supported"
51790-BK,0.930,"Product Type is invalid or not supported"
51791-BK,1.550,"Product Type is invalid or not supported"
51791-DBE,1.550,"Product Type is invalid or not supported"
51791-LGN,1.550,"Product Type is invalid or not supported"
51791-RD,1.550,"Product Type is invalid or not supported"
51792-BK,1.290,"Product Type is invalid or not supported"
51792-DBE,1.290,"Product Type is invalid or not supported"
51792-LGN,1.290,"Product Type is invalid or not supported"
51792-RD,1.290,"Product Type is invalid or not supported"
51793-BE,0.300,"Product Type is invalid or not supported"
51793-WE,0.300,"Product Type is invalid or not supported"
51794-BE,0.400,"Product Type is invalid or not supported"
51794-LBN,0.400,"Product Type is invalid or not supported"
51794-RD,0.400,"Product Type is invalid or not supported"
51795-BE,0.250,"Product Type is invalid or not supported"
51795-LBN,0.250,"Product Type is invalid or not supported"
51795-RD,0.250,"Product Type is invalid or not supported"
51796-BK,0.850,"Product Type is invalid or not supported"
51796-DBE,0.850,"Product Type is invalid or not supported"
51796-LGN,0.850,"Product Type is invalid or not supported"
51796-RD,0.850,"Product Type is invalid or not supported"
51797-WE,9.990,"Product Type is invalid or not supported"
51798-WE,54.800,"Product Type is invalid or not supported"
51799,10.390,"Product Type is invalid or not supported"
51800-WE,5.990,"Product Type is invalid or not supported"
51801-BE,1.290,"Product Type is invalid or not supported"
51801-BK,1.290,"Product Type is invalid or not supported"
51801-RD,1.290,"Product Type is invalid or not supported"
51801-WE,1.290,"Product Type is invalid or not supported"
51802-BK,5.790,"Product Type is invalid or not supported"
51803-BK,4.720,"Product Type is invalid or not supported"
51804-BK,1.990,"Product Type is invalid or not supported"
51805-BK,2.990,"Product Type is invalid or not supported"
51806-BK,2.720,"Product Type is invalid or not supported"
51808-BK,4.820,"Product Type is invalid or not supported"
51809-BK,7.330,"Product Type is invalid or not supported"
51810,7.990,"Product Type is invalid or not supported"
51811,5.230,"Product Type is invalid or not supported"
51812-WE,2.090,"Product Type is invalid or not supported"
51813-WE,2.130,"Product Type is invalid or not supported"
51815-WE,1.980,"Product Type is invalid or not supported"
51816-BK,25.700,"Product Type is invalid or not supported"
51817-BK,11.990,"Product Type is invalid or not supported"
51817-WE,11.990,"Product Type is invalid or not supported"
51818-BK,31.490,"Product Type is invalid or not supported"
51819,7.330,"Product Type is invalid or not supported"
51820-BK,5.230,"Product Type is invalid or not supported"
51820-WE,5.230,"Product Type is invalid or not supported"
51821-BK,7.990,"Product Type is invalid or not supported"
51821-WE,7.990,"Product Type is invalid or not supported"
51822-BE,1.230,"Product Type is invalid or not supported"
51822-BK,1.230,"Product Type is invalid or not supported"
51822-MG,1.230,"Product Type is invalid or not supported"
51822-SR,1.230,"Product Type is invalid or not supported"
51823-BK,11.860,"Product Type is invalid or not supported"
51824,0.930,"Product Type is invalid or not supported"
51825-BK,5.620,"Product Type is invalid or not supported"
51827,8.080,"Product Type is invalid or not supported"
51830-BE,0.480,"Product Type is invalid or not supported"
51830-BK,0.480,"Product Type is invalid or not supported"
51830-RD,0.480,"Product Type is invalid or not supported"
51831-BK,11.860,"Product Type is invalid or not supported"
51832-BE,3.550,"Product Type is invalid or not supported"
51832-BK,3.550,"Product Type is invalid or not supported"
51832-LGN,3.550,"Product Type is invalid or not supported"
51832-MG,3.550,"Product Type is invalid or not supported"
51832-RD,3.550,"Product Type is invalid or not supported"
51832-SR,3.550,"Product Type is invalid or not supported"
51832-WE,3.550,"Product Type is invalid or not supported"
51833-BK,8.720,"Product Type is invalid or not supported"
51833-WE,8.720,"Product Type is invalid or not supported"
51834-BE,1.460,"Product Type is invalid or not supported"
51836,13.990,"Product Type is invalid or not supported"
51837-BKR,1.880,"Product Type is invalid or not supported"
51837-WER,1.880,"Product Type is invalid or not supported"
51839,5.230,"Product Type is invalid or not supported"
51840,7.330,"Product Type is invalid or not supported"
51842-BK,24.980,"Product Type is invalid or not supported"
51843-RD,2.980,"Product Type is invalid or not supported"
51845,1.720,"Product Type is invalid or not supported"
51845-BE,1.720,"Product Type is invalid or not supported"
51845-RD,1.720,"Product Type is invalid or not supported"
51846-BK,2.090,"Product Type is invalid or not supported"
51847-BK,6.290,"Product Type is invalid or not supported"
51848-SR,4.600,"Product Type is invalid or not supported"
51849-BK,3.250,"Product Type is invalid or not supported"
51849-WE,3.250,"Product Type is invalid or not supported"
51850,5.500,"Product Type is invalid or not supported"
51851-WE,4.890,"Product Type is invalid or not supported"
51852-BK,18.480,"Product Type is invalid or not supported"
51853,12.430,"Product Type is invalid or not supported"
51854,12.430,"Product Type is invalid or not supported"
51855,4.090,"Product Type is invalid or not supported"
51856,9.430,"Product Type is invalid or not supported"
51857-BK,2.930,"Product Type is invalid or not supported"
51857-WE,2.930,"Product Type is invalid or not supported"
51858-BK,2.300,"Product Type is invalid or not supported"
51858-WE,2.300,"Product Type is invalid or not supported"
51859-BKR,4.090,"Product Type is invalid or not supported"
51859-SR,4.090,"Product Type is invalid or not supported"
51860,12.590,"Product Type is invalid or not supported"
51861-WE,5.620,"Product Type is invalid or not supported"
51862,4.990,"Product Type is invalid or not supported"
51863,6.920,"Product Type is invalid or not supported"
51864,11.530,"Product Type is invalid or not supported"
51865,88.880,"Product Type is invalid or not supported"
51866-BK,9.650,"Product Type is invalid or not supported"
51866-SR,9.650,"Product Type is invalid or not supported"
51866-WE,9.650,"Product Type is invalid or not supported"
51867-BK,4.090,"Product Type is invalid or not supported"
51868-BE,3.790,"Product Type is invalid or not supported"
51868-BK,3.790,"Product Type is invalid or not supported"
51868-BN,3.790,"Product Type is invalid or not supported"
51870-BE,1.150,"Product Type is invalid or not supported"
51870-BK,1.150,"Product Type is invalid or not supported"
51870-RD,1.150,"Product Type is invalid or not supported"
51870-SR,1.150,"Product Type is invalid or not supported"
51871-GY,6.920,"Product Type is invalid or not supported"
51872,32.960,"Product Type is invalid or not supported"
51873,12.080,"Product Type is invalid or not supported"
51874,6.920,"Product Type is invalid or not supported"
51875-BK,11.530,"Product Type is invalid or not supported"
51876,8.180,"Product Type is invalid or not supported"
51877,9.020,"Product Type is invalid or not supported"
51878-BK,1.560,"Product Type is invalid or not supported"
51878-WE,1.560,"Product Type is invalid or not supported"
51879-BKBK,5.760,"Product Type is invalid or not supported"
51879-BKWE,5.760,"Product Type is invalid or not supported"
51880,1.460,"Product Type is invalid or not supported"
51881,9.230,"Product Type is invalid or not supported"
51882,7.760,"Product Type is invalid or not supported"
51883-BE,0.920,"Product Type is invalid or not supported"
51883-BK,0.920,"Product Type is invalid or not supported"
51883-RD,0.920,"Product Type is invalid or not supported"
51883-WE,0.920,"Product Type is invalid or not supported"
51884-BK,3.990,"Product Type is invalid or not supported"
51884-SR,3.990,"Product Type is invalid or not supported"
51888-BK,5.500,"Product Type is invalid or not supported"
51888-BK-R,5.500,"Product Type is invalid or not supported"
51888-WE,5.500,"Product Type is invalid or not supported"
51888-WE-R,5.500,"Product Type is invalid or not supported"
51889-BK,0.790,"Product Type is invalid or not supported"
51889-WE,0.790,"Product Type is invalid or not supported"
51891-BKR,2.090,"Product Type is invalid or not supported"
51891-WER,2.090,"Product Type is invalid or not supported"
51892-RD,3.460,"Product Type is invalid or not supported"
51893,1.360,"Product Type is invalid or not supported"
51894,1.520,"Product Type is invalid or not supported"
51895,25.700,"Product Type is invalid or not supported"
51896,11.180,"Product Type is invalid or not supported"
51897,6.920,"Product Type is invalid or not supported"
51898,3.990,"Product Type is invalid or not supported"
51899,4.990,"Product Type is invalid or not supported"
51900,14.990,"Product Type is invalid or not supported"
51902-WE,0.260,"Product Type is invalid or not supported"
51903-WE,1.250,"Product Type is invalid or not supported"
51904-BE,2.720,"Product Type is invalid or not supported"
51904-BK,2.720,"Product Type is invalid or not supported"
51905,2.130,"Product Type is invalid or not supported"
51906,4.990,"Product Type is invalid or not supported"
51907,11.530,"Product Type is invalid or not supported"
51908-BE,0.990,"Product Type is invalid or not supported"
51908-BK,0.990,"Product Type is invalid or not supported"
51908-RD,0.990,"Product Type is invalid or not supported"
51908-WE,0.990,"Product Type is invalid or not supported"
51910,6.990,"Product Type is invalid or not supported"
51911,17.850,"Product Type is invalid or not supported"
51912-BK,3.090,"Product Type is invalid or not supported"
51912-GY,3.090,"Product Type is invalid or not supported"
51912-SR,3.090,"Product Type is invalid or not supported"
51913,20.520,"Product Type is invalid or not supported"
51914,77.780,"Product Type is invalid or not supported"
51915,32.990,"Product Type is invalid or not supported"
51916-BE,0.750,"Product Type is invalid or not supported"
51916-BK,0.750,"Product Type is invalid or not supported"
51916-WE,0.750,"Product Type is invalid or not supported"
51917-BE,0.330,"Product Type is invalid or not supported"
51917-RD,0.330,"Product Type is invalid or not supported"
51917-WE,0.330,"Product Type is invalid or not supported"
51918-WE,0.190,"Product Type is invalid or not supported"
51919-BE,1.490,"Product Type is invalid or not supported"
51919-RD,1.490,"Product Type is invalid or not supported"
51919-WE,1.490,"Product Type is invalid or not supported"
51920-WE,0.260,"Product Type is invalid or not supported"
51921-DBE,0.290,"Product Type is invalid or not supported"
51921-GY,0.290,"Product Type is invalid or not supported"
51921-RD,0.290,"Product Type is invalid or not supported"
51922-WEBE,0.550,"Product Type is invalid or not supported"
51922-WERD,0.550,"Product Type is invalid or not supported"
51922-WEWE,0.550,"Product Type is invalid or not supported"
51923-WEBE,0.550,"Product Type is invalid or not supported"
51923-WEGY,0.550,"Product Type is invalid or not supported"
51923-WERD,0.550,"Product Type is invalid or not supported"
51924-WE,1.720,"Product Type is invalid or not supported"
51925-BE,1.990,"Product Type is invalid or not supported"
51925-BK,1.990,"Product Type is invalid or not supported"
51925-RD,1.990,"Product Type is invalid or not supported"
51926,0.800,"Product Type is invalid or not supported"
51927,0.800,"Product Type is invalid or not supported"
51928,0.800,"Product Type is invalid or not supported"
51929,8.500,"Product Type is invalid or not supported"
51930,4.990,"Product Type is invalid or not supported"
51932-WE,0.560,"Product Type is invalid or not supported"
51934,3.490,"Product Type is invalid or not supported"
51935,11.530,"Product Type is invalid or not supported"
51936-BE,1.690,"Product Type is invalid or not supported"
51936-BK,1.690,"Product Type is invalid or not supported"
51936-MG,1.690,"Product Type is invalid or not supported"
51936-OE,1.690,"Product Type is invalid or not supported"
51936-RD,1.690,"Product Type is invalid or not supported"
51936-WE,1.690,"Product Type is invalid or not supported"
51938,4.090,"Product Type is invalid or not supported"
51939-BK,6.990,"Product Type is invalid or not supported"
51940,3.780,"Product Type is invalid or not supported"
51941,3.780,"Product Type is invalid or not supported"
51942-WEBK,6.600,"Product Type is invalid or not supported"
51943-WEWE,0.920,"Product Type is invalid or not supported"
51944,131.990,"Product Type is invalid or not supported"
51945,16.850,"Product Type is invalid or not supported"
51946,5.490,"Product Type is invalid or not supported"
51947,4.500,"Product Type is invalid or not supported"
51948-BKSR,9.890,"Product Type is invalid or not supported"
51949-BK,10.500,"Product Type is invalid or not supported"
51950-DGY,11.490,"Product Type is invalid or not supported"
51951-BK,2.690,"Product Type is invalid or not supported"
51952-BK,3.490,"Product Type is invalid or not supported"
51953-BK,4.990,"Product Type is invalid or not supported"
51953-BN,4.990,"Product Type is invalid or not supported"
51954-BK,6.990,"Product Type is invalid or not supported"
51954-SR,6.990,"Product Type is invalid or not supported"
51957,3.650,"Product Type is invalid or not supported"
51958-BK,0.650,"Product Type is invalid or not supported"
51964,9.990,"Product Type is invalid or not supported"
51975-WE,4.490,"Product Type is invalid or not supported"
51976,2.590,"Product Type is invalid or not supported"
51977,6.990,"Product Type is invalid or not supported"
51978-BKBK,1.690,"Product Type is invalid or not supported"
51978-BKSR,1.690,"Product Type is invalid or not supported"
51979,2.290,"Product Type is invalid or not supported"
51980,8.990,"Product Type is invalid or not supported"
51981-WE,14.290,"Product Type is invalid or not supported"
51982,19.990,"Product Type is invalid or not supported"
51983-WE,12.850,"Product Type is invalid or not supported"
51984-BE,2.990,"Product Type is invalid or not supported"
51984-BK,2.990,"Product Type is invalid or not supported"
51984-DRD,2.990,"Product Type is invalid or not supported"
51984-GY,2.990,"Product Type is invalid or not supported"
51985-BE,1.690,"Product Type is invalid or not supported"
51985-BK,1.690,"Product Type is invalid or not supported"
51985-DRD,1.690,"Product Type is invalid or not supported"
51985-GY,1.690,"Product Type is invalid or not supported"
51986,4.700,"Product Type is invalid or not supported"
51987,2.290,"Product Type is invalid or not supported"
51988-BK,3.790,"Product Type is invalid or not supported"
51988-BN,3.790,"Product Type is invalid or not supported"
51989,6.990,"Product Type is invalid or not supported"
51990-BK,2.590,"Product Type is invalid or not supported"
51990-BN,2.590,"Product Type is invalid or not supported"
51991-BK,9.990,"Product Type is invalid or not supported"
51991-BN,9.990,"Product Type is invalid or not supported"
51992-BK,5.990,"Product Type is invalid or not supported"
51992-BN,5.990,"Product Type is invalid or not supported"
51993-BE-4GB,5.680,"Product Type is invalid or not supported"
51993-BK-4GB,5.680,"Product Type is invalid or not supported"
51993-GY-4GB,5.680,"Product Type is invalid or not supported"
51993-LGN-4GB,5.680,"Product Type is invalid or not supported"
51993-MG-4GB,5.680,"Product Type is invalid or not supported"
51993-OE-4GB,5.680,"Product Type is invalid or not supported"
51993-RD-4GB,5.680,"Product Type is invalid or not supported"
51993-WE-4GB,5.680,"Product Type is invalid or not supported"
51993-YW-4GB,5.680,"Product Type is invalid or not supported"
51994-BE,0.600,"Product Type is invalid or not supported"
51994-BK,0.600,"Product Type is invalid or not supported"
51994-RD,0.600,"Product Type is invalid or not supported"
51994-WE,0.600,"Product Type is invalid or not supported"
51995-BK,3.290,"Product Type is invalid or not supported"
51995-SR,3.290,"Product Type is invalid or not supported"
51996-BK,0.890,"Product Type is invalid or not supported"
51997,2.990,"Product Type is invalid or not supported"
51998,2.290,"Product Type is invalid or not supported"
51999-BE,9.990,"Product Type is invalid or not supported"
51999-BE-R,9.990,"Product Type is invalid or not supported"
51999-BK,9.990,"Product Type is invalid or not supported"
51999-BK-R,9.990,"Product Type is invalid or not supported"
51999-GN,9.990,"Product Type is invalid or not supported"
51999-GN-R,9.990,"Product Type is invalid or not supported"
51999-MG,9.990,"Product Type is invalid or not supported"
51999-RD,8.560,"Product Type is invalid or not supported"
51999-RD-R,8.560,"Product Type is invalid or not supported"
51999-WE,9.990,"Product Type is invalid or not supported"
51999-WE-R,9.990,"Product Type is invalid or not supported"
52000-BE,15.390,"Product Type is invalid or not supported"
52000-BK,15.390,"Product Type is invalid or not supported"
52000-MG,15.390,"Product Type is invalid or not supported"
52000-RD,15.390,"Product Type is invalid or not supported"
52000-WE,15.390,"Product Type is invalid or not supported"
52001,1.990,"Product Type is invalid or not supported"
52002,2.190,"Product Type is invalid or not supported"
52003,1.990,"Product Type is invalid or not supported"
52004,2.190,"Product Type is invalid or not supported"
52005-BE,0.890,"Product Type is invalid or not supported"
52005-BK,0.890,"Product Type is invalid or not supported"
52005-GY,0.890,"Product Type is invalid or not supported"
52005-RD,0.890,"Product Type is invalid or not supported"
52005-SR,0.890,"Product Type is invalid or not supported"
52006-BK,3.990,"Product Type is invalid or not supported"
52006-RD,3.990,"Product Type is invalid or not supported"
52006-WE,3.990,"Product Type is invalid or not supported"
52007,9.990,"Product Type is invalid or not supported"
52008,9.990,"Product Type is invalid or not supported"
52009,5.990,"Product Type is invalid or not supported"
52011,1.290,"Product Type is invalid or not supported"
52013-BK,0.390,"Product Type is invalid or not supported"
52013-WE,0.390,"Product Type is invalid or not supported"
52014-WE,2.560,"Product Type is invalid or not supported"
52016,7.990,"Product Type is invalid or not supported"
52019-BE,0.790,"Product Type is invalid or not supported"
52019-DGY,0.790,"Product Type is invalid or not supported"
52019-RD,0.790,"Product Type is invalid or not supported"
52019-SR,0.790,"Product Type is invalid or not supported"
52020,3.990,"Product Type is invalid or not supported"
52021,2.590,"Product Type is invalid or not supported"
52022-BEWE,1.190,"Product Type is invalid or not supported"
52022-BKWE,1.190,"Product Type is invalid or not supported"
52022-RDWE,1.190,"Product Type is invalid or not supported"
52022-WEWE,1.190,"Product Type is invalid or not supported"
52023-BKC,3.990,"Product Type is invalid or not supported"
52023-WEC,3.990,"Product Type is invalid or not supported"
52024,6.990,"Product Type is invalid or not supported"
52025,6.990,"Product Type is invalid or not supported"
52026,10.700,"Product Type is invalid or not supported"
52027-BKWE,3.990,"Product Type is invalid or not supported"
52027-WEWE,3.990,"Product Type is invalid or not supported"
52028-BK,24.700,"Product Type is invalid or not supported"
52029-BE,3.490,"Product Type is invalid or not supported"
52029-BK,3.490,"Product Type is invalid or not supported"
52029-RD,3.490,"Product Type is invalid or not supported"
52029-WE,3.490,"Product Type is invalid or not supported"
52030-BK,1.990,"Product Type is invalid or not supported"
52031-BK,3.690,"Product Type is invalid or not supported"
52032,24.990,"Product Type is invalid or not supported"
52033-BK,9.990,"Product Type is invalid or not supported"
52034-BK,1.360,"Product Type is invalid or not supported"
52034-BKR,1.990,"Product Type is invalid or not supported"
52034-WE,1.360,"Product Type is invalid or not supported"
52034-WER,1.990,"Product Type is invalid or not supported"
52036,2.490,"Product Type is invalid or not supported"
52037-BE,5.290,"Product Type is invalid or not supported"
52037-BK,5.290,"Product Type is invalid or not supported"
52037-RD,5.290,"Product Type is invalid or not supported"
52037-WE,5.290,"Product Type is invalid or not supported"
52038,12.500,"Product Type is invalid or not supported"
52039-GY,2.490,"Product Type is invalid or not supported"
52041-BE,11.800,"Product Type is invalid or not supported"
52042-GY,5.700,"Product Type is invalid or not supported"
52043,4.290,"Product Type is invalid or not supported"
52044,5.850,"Product Type is invalid or not supported"
52051,5.290,"Product Type is invalid or not supported"
52052,14.200,"Product Type is invalid or not supported"
52053,39.990,"Product Type is invalid or not supported"
52054-SR,15.500,"Product Type is invalid or not supported"
52054-WE,15.500,"Product Type is invalid or not supported"
52055-BE,0.590,"Product Type is invalid or not supported"
52055-BK,0.590,"Product Type is invalid or not supported"
52055-BN,0.590,"Product Type is invalid or not supported"
52055-GN,0.590,"Product Type is invalid or not supported"
52055-RD,0.590,"Product Type is invalid or not supported"
52055-WE,0.590,"Product Type is invalid or not supported"
52056-BE,2.190,"Product Type is invalid or not supported"
52056-BK,2.190,"Product Type is invalid or not supported"
52056-DGN,2.190,"Product Type is invalid or not supported"
52056-MG,2.190,"Product Type is invalid or not supported"
52056-OE,2.190,"Product Type is invalid or not supported"
52056-RD,2.190,"Product Type is invalid or not supported"
52056-SR,2.190,"Product Type is invalid or not supported"
52056-WE,2.190,"Product Type is invalid or not supported"
52056-YW,2.190,"Product Type is invalid or not supported"
52057-BK,2.290,"Product Type is invalid or not supported"
52057-SR,2.290,"Product Type is invalid or not supported"
52058,9.850,"Product Type is invalid or not supported"
52059,12.990,"Product Type is invalid or not supported"
52060-LBE,13.700,"Product Type is invalid or not supported"
52061-BKLBE,25.990,"Product Type is invalid or not supported"
52061-BKSR,25.990,"Product Type is invalid or not supported"
52062,9.500,"Product Type is invalid or not supported"
52063-BKBE,12.700,"Product Type is invalid or not supported"
52063-BKBK,12.700,"Product Type is invalid or not supported"
52063-BKRD,12.700,"Product Type is invalid or not supported"
52064,19.500,"Product Type is invalid or not supported"
52066,7.990,"Product Type is invalid or not supported"
52068,6.990,"Product Type is invalid or not supported"
52069,2.490,"Product Type is invalid or not supported"
52070,8.500,"Product Type is invalid or not supported"
52071,13.790,"Product Type is invalid or not supported"
52072,10.990,"Product Type is invalid or not supported"
52074,4.500,"Product Type is invalid or not supported"
52075,34.990,"Product Type is invalid or not supported"
52076,15.500,"Product Type is invalid or not supported"
52077-BK,9.990,"Product Type is invalid or not supported"
52077-GN,9.990,"Product Type is invalid or not supported"
52077-LBE,9.990,"Product Type is invalid or not supported"
52077-MG,9.990,"Product Type is invalid or not supported"
52077-OE,9.990,"Product Type is invalid or not supported"
52077-WE,9.990,"Product Type is invalid or not supported"
52077-YW,9.990,"Product Type is invalid or not supported"
52078-WE,5.500,"Product Type is invalid or not supported"
52079,5.990,"Product Type is invalid or not supported"
52081,4.990,"Product Type is invalid or not supported"
52082-BK,6.990,"Product Type is invalid or not supported"
52083-WE,5.990,"Product Type is invalid or not supported"
52084-BK,32.500,"Product Type is invalid or not supported"
52084-LBE,32.500,"Product Type is invalid or not supported"
52084-RD,32.500,"Product Type is invalid or not supported"
52086-BE,26.950,"Product Type is invalid or not supported"
52086-BK,26.950,"Product Type is invalid or not supported"
52086-GN,26.950,"Product Type is invalid or not supported"
52086-RD,26.950,"Product Type is invalid or not supported"
52086-WE,26.950,"Product Type is invalid or not supported"
52088,10.490,"Product Type is invalid or not supported"
52089-BK,79.950,"Product Type is invalid or not supported"
52090,5.490,"Product Type is invalid or not supported"
52093-BE,4.630,"Product Type is invalid or not supported"
52093-GY,4.630,"Product Type is invalid or not supported"
52093-LGN,4.630,"Product Type is invalid or not supported"
52093-LMG,4.630,"Product Type is invalid or not supported"
52093-OE,4.630,"Product Type is invalid or not supported"
52093-PE,4.630,"Product Type is invalid or not supported"
52093-RD,4.630,"Product Type is invalid or not supported"
52093-YW,4.630,"Product Type is invalid or not supported"
52094-WE,0.330,"Product Type is invalid or not supported"
52095,13.950,"Product Type is invalid or not supported"
52096-WE,0.590,"Product Type is invalid or not supported"
52097,26.850,"Product Type is invalid or not supported"
52098-GY,12.990,"Product Type is invalid or not supported"
52099-BE,1.990,"Product Type is invalid or not supported"
52099-BK,1.990,"Product Type is invalid or not supported"
52099-RD,1.990,"Product Type is invalid or not supported"
52099-SR,1.990,"Product Type is invalid or not supported"
52100,7.990,"Product Type is invalid or not supported"
52101,7.990,"Product Type is invalid or not supported"
52102-BK,1.090,"Product Type is invalid or not supported"
52102-LGN,1.090,"Product Type is invalid or not supported"
52103-BKBK,0.490,"Product Type is invalid or not supported"
52103-SRBE,0.490,"Product Type is invalid or not supported"
52103-SRBK,0.490,"Product Type is invalid or not supported"
52103-SRRD,0.490,"Product Type is invalid or not supported"
52103-SRYW,0.490,"Product Type is invalid or not supported"
52104,14.990,"Product Type is invalid or not supported"
52105-BK,8.990,"Product Type is invalid or not supported"
52105-BN,8.990,"Product Type is invalid or not supported"
52105-LGN,8.990,"Product Type is invalid or not supported"
52106,12.800,"Product Type is invalid or not supported"
52107,2.990,"Product Type is invalid or not supported"
52108-WE,3.790,"Product Type is invalid or not supported"
52110-SRBK,2.850,"Product Type is invalid or not supported"
52111-BE,18.990,"Product Type is invalid or not supported"
52111-BK,18.990,"Product Type is invalid or not supported"
52111-RD,18.990,"Product Type is invalid or not supported"
52112-BK,13.490,"Product Type is invalid or not supported"
52113,10.990,"Product Type is invalid or not supported"
52114,9.700,"Product Type is invalid or not supported"
52115,19.990,"Product Type is invalid or not supported"
52116-BK,16.990,"Product Type is invalid or not supported"
52117,1.390,"Product Type is invalid or not supported"
52118,16.990,"Product Type is invalid or not supported"
52119-WE,23.490,"Product Type is invalid or not supported"
52120-BK,17.490,"Product Type is invalid or not supported"
52122,5.490,"Product Type is invalid or not supported"
52123-BE,2.490,"Product Type is invalid or not supported"
52123-BK,2.490,"Product Type is invalid or not supported"
52123-LGN,2.490,"Product Type is invalid or not supported"
52123-RD,2.490,"Product Type is invalid or not supported"
52123-WE,2.490,"Product Type is invalid or not supported"
52124-LGN,1.190,"Product Type is invalid or not supported"
52124-MG,1.190,"Product Type is invalid or not supported"
52125,12.990,"Product Type is invalid or not supported"
52126,14.990,"Product Type is invalid or not supported"
52127,1.190,"Product Type is invalid or not supported"
52128,24.990,"Product Type is invalid or not supported"
52129-BE,8.490,"Product Type is invalid or not supported"
52129-GY,8.490,"Product Type is invalid or not supported"
52129-LGN,8.490,"Product Type is invalid or not supported"
52129-MG,8.490,"Product Type is invalid or not supported"
52130-LGN,4.490,"Product Type is invalid or not supported"
52131-LGN,5.990,"Product Type is invalid or not supported"
52132-LGN,7.490,"Product Type is invalid or not supported"
52133-LGN,9.990,"Product Type is invalid or not supported"
52134,1.990,"Product Type is invalid or not supported"
52135,2.490,"Product Type is invalid or not supported"
52136,26.990,"Product Type is invalid or not supported"
52137,9.990,"Product Type is invalid or not supported"
52138,3.290,"Product Type is invalid or not supported"
52139,3.790,"Product Type is invalid or not supported"
52140,7.990,"Product Type is invalid or not supported"
52141,11.500,"Product Type is invalid or not supported"
52142,5.700,"Product Type is invalid or not supported"
52143,6.850,"Product Type is invalid or not supported"
52144,13.990,"Product Type is invalid or not supported"
52145,7.990,"Product Type is invalid or not supported"
52146,8.790,"Product Type is invalid or not supported"
52147,8.500,"Product Type is invalid or not supported"
52148,19.990,"Product Type is invalid or not supported"
52149-BKC,3.990,"Product Type is invalid or not supported"
52150-BKWE,3.990,"Product Type is invalid or not supported"
52151,34.990,"Product Type is invalid or not supported"
52152,11.990,"Product Type is invalid or not supported"
52153,1.690,"Product Type is invalid or not supported"
52154,1.690,"Product Type is invalid or not supported"
52155,1.690,"Product Type is invalid or not supported"
52156,1.690,"Product Type is invalid or not supported"
54003,12.150,"Product Type is invalid or not supported"
54013,9.990,"Product Type is invalid or not supported"
54015,4.490,"Product Type is invalid or not supported"
60033,5.990,"Product Type is invalid or not supported"
60035,5.990,"Product Type is invalid or not supported"
60038-BE,6.990,"Product Type is invalid or not supported"
60038-BK,6.600,"Product Type is invalid or not supported"
60038-RD,6.990,"Product Type is invalid or not supported"
60038-WE,6.600,"Product Type is invalid or not supported"
6010158,0.580,"Product Type is invalid or not supported"
60123,2.990,"Product Type is invalid or not supported"
60130-BK,3.290,"Product Type is invalid or not supported"
60130-WE,3.290,"Product Type is invalid or not supported"
60134,5.190,"Product Type is invalid or not supported"
60136,2.990,"Product Type is invalid or not supported"
60139-SR,5.690,"Product Type is invalid or not supported"
60141,6.990,"Product Type is invalid or not supported"
60143,3.490,"Product Type is invalid or not supported"
60144,12.080,"Product Type is invalid or not supported"
60145,1.960,"Product Type is invalid or not supported"
60147,3.990,"Product Type is invalid or not supported"
60148,4.390,"Product Type is invalid or not supported"
60150-BK,6.560,"Product Type is invalid or not supported"
60151,3.990,"Product Type is invalid or not supported"
60153-BE,3.990,"Product Type is invalid or not supported"
60153-BK,3.990,"Product Type is invalid or not supported"
60153-RD,3.990,"Product Type is invalid or not supported"
60153-WE,3.990,"Product Type is invalid or not supported"
60154-BKGD,7.690,"Product Type is invalid or not supported"
60154-BKSR,7.690,"Product Type is invalid or not supported"
60154-WESR,7.690,"Product Type is invalid or not supported"
60156-WE,2.650,"Product Type is invalid or not supported"
60157-BK,3.990,"Product Type is invalid or not supported"
60666-BE,11.990,"Product Type is invalid or not supported"
60666-BK,11.990,"Product Type is invalid or not supported"
60666-OE,11.990,"Product Type is invalid or not supported"
60666-RD,11.990,"Product Type is invalid or not supported"
60666-WE,11.990,"Product Type is invalid or not supported"
"65002-BK 2200mAh",5.990,"Product Type is invalid or not supported"
"65002-BK 3000mAh",7.990,"Product Type is invalid or not supported"
"65002-DBE 2200mAh",5.990,"Product Type is invalid or not supported"
"65002-DBE 3000mAh",7.990,"Product Type is invalid or not supported"
"65002-GN 2200mAh",5.990,"Product Type is invalid or not supported"
"65002-GN 3000mAh",7.990,"Product Type is invalid or not supported"
"65002-MG 2200mAh",5.990,"Product Type is invalid or not supported"
"65002-MG 3000mAh",7.990,"Product Type is invalid or not supported"
"65002-PE 2200mAh",5.990,"Product Type is invalid or not supported"
"65002-PE 3000mAh",7.990,"Product Type is invalid or not supported"
"65002-RD 2200mAh",5.990,"Product Type is invalid or not supported"
"65002-RD 3000mAh",7.990,"Product Type is invalid or not supported"
"65002-SR 2200mAh",5.990,"Product Type is invalid or not supported"
"65002-SR 3000mAh",7.990,"Product Type is invalid or not supported"
"65004-BK 2200mAh",5.850,"Product Type is invalid or not supported"
"65004-BK 3000mAh",7.850,"Product Type is invalid or not supported"
"65004-DBE 2200mAh",5.850,"Product Type is invalid or not supported"
"65004-DBE 3000mAh",7.850,"Product Type is invalid or not supported"
"65004-RD 2200mAh",5.850,"Product Type is invalid or not supported"
"65004-RD 3000mAh",7.850,"Product Type is invalid or not supported"
"65004-SR 2200mAh",5.850,"Product Type is invalid or not supported"
"65004-SR 3000mAh",7.850,"Product Type is invalid or not supported"
70005,14.990,"Product Type is invalid or not supported"
70017,16.390,"Product Type is invalid or not supported"
70018,16.390,"Product Type is invalid or not supported"
70019,13.990,"Product Type is invalid or not supported"
70024,11.790,"Product Type is invalid or not supported"
70050,45.790,"Product Type is invalid or not supported"
70065,98.150,"Product Type is invalid or not supported"
70069,57.750,"Product Type is invalid or not supported"
70073,14.990,"Product Type is invalid or not supported"
70076,17.290,"Product Type is invalid or not supported"
70083,28.880,"Product Type is invalid or not supported"
70088BK,18.890,"Product Type is invalid or not supported"
70089,15.650,"Product Type is invalid or not supported"
70091BK,72.980,"Product Type is invalid or not supported"
70091RG,72.980,"Product Type is invalid or not supported"
70091WE,72.980,"Product Type is invalid or not supported"
7010201,0.390,"Product Type is invalid or not supported"
70112,99.990,"Product Type is invalid or not supported"
70114,120.000,"Product Type is invalid or not supported"
70122,10.990,"Product Type is invalid or not supported"
70124,10.490,"Product Type is invalid or not supported"
70129,79.990,"Product Type is invalid or not supported"
70129-CH,81.990,"Product Type is invalid or not supported"
70130,18.480,"Product Type is invalid or not supported"
70131,56.990,"Product Type is invalid or not supported"
70135-BK,69.290,"Product Type is invalid or not supported"
70135-WE,69.290,"Product Type is invalid or not supported"
70136,45.990,"Product Type is invalid or not supported"
70137-BK,40.420,"Product Type is invalid or not supported"
70137-WE,40.420,"Product Type is invalid or not supported"
70139,25.990,"Product Type is invalid or not supported"
70140,16.760,"Product Type is invalid or not supported"
70141,58.580,"Product Type is invalid or not supported"
70142,61.200,"Product Type is invalid or not supported"
70143-BK,17.850,"Product Type is invalid or not supported"
70143-WE,17.850,"Product Type is invalid or not supported"
70144-BK,13.630,"Product Type is invalid or not supported"
70145-BK,20.590,"Product Type is invalid or not supported"
70146,10.190,"Product Type is invalid or not supported"
70147,11.180,"Product Type is invalid or not supported"
70148,11.180,"Product Type is invalid or not supported"
70149,11.180,"Product Type is invalid or not supported"
70150,17.500,"Product Type is invalid or not supported"
70151,17.790,"Product Type is invalid or not supported"
70152,19.620,"Product Type is invalid or not supported"
70153,17.830,"Product Type is invalid or not supported"
70154,19.620,"Product Type is invalid or not supported"
70155,19.620,"Product Type is invalid or not supported"
70156,62.990,"Product Type is invalid or not supported"
70158,27.700,"Product Type is invalid or not supported"
70159,29.390,"Product Type is invalid or not supported"
70160,58.500,"Product Type is invalid or not supported"
70161,17.420,"Product Type is invalid or not supported"
70162,27.290,"Product Type is invalid or not supported"
70163,23.090,"Product Type is invalid or not supported"
70164,25.190,"Product Type is invalid or not supported"
70165,13.850,"Product Type is invalid or not supported"
70166,60.890,"Product Type is invalid or not supported"
70166-MG,60.890,"Product Type is invalid or not supported"
70167,17.420,"Product Type is invalid or not supported"
70170,20.780,"Product Type is invalid or not supported"
70171,44.930,"Product Type is invalid or not supported"
70172,104.990,"Product Type is invalid or not supported"
70172-CH,125.990,"Product Type is invalid or not supported"
70174,29.990,"Product Type is invalid or not supported"
70175,26.230,"Product Type is invalid or not supported"
70176,26.230,"Product Type is invalid or not supported"
70177-BK,28.290,"Product Type is invalid or not supported"
70177-BN,28.290,"Product Type is invalid or not supported"
70177-WE,28.290,"Product Type is invalid or not supported"
70178-BK,28.860,"Product Type is invalid or not supported"
70178-BN,28.860,"Product Type is invalid or not supported"
70178-WE,28.860,"Product Type is invalid or not supported"
70179,34.630,"Product Type is invalid or not supported"
70180,31.490,"Product Type is invalid or not supported"
70181-BK,104.950,"Product Type is invalid or not supported"
70181-OE,104.950,"Product Type is invalid or not supported"
70182-BK,97.000,"Product Type is invalid or not supported"
70182-WE,97.000,"Product Type is invalid or not supported"
70183,78.530,"Product Type is invalid or not supported"
70184-BE,27.990,"Product Type is invalid or not supported"
70184-BK,27.990,"Product Type is invalid or not supported"
70184-RD,27.990,"Product Type is invalid or not supported"
70185-BE,12.590,"Product Type is invalid or not supported"
70185-BK,12.590,"Product Type is invalid or not supported"
70185-BN,12.590,"Product Type is invalid or not supported"
70185-GN,12.590,"Product Type is invalid or not supported"
70185-GNP,12.590,"Product Type is invalid or not supported"
70185-GY,12.590,"Product Type is invalid or not supported"
70185-LBE,12.590,"Product Type is invalid or not supported"
70185-LGN,12.590,"Product Type is invalid or not supported"
70185-MG,12.590,"Product Type is invalid or not supported"
70185-MGP,12.590,"Product Type is invalid or not supported"
70185-OE,12.590,"Product Type is invalid or not supported"
70185-PE,12.590,"Product Type is invalid or not supported"
70185-PEP,12.590,"Product Type is invalid or not supported"
70185-RD,12.590,"Product Type is invalid or not supported"
70185-WE,12.590,"Product Type is invalid or not supported"
70185-YW,12.590,"Product Type is invalid or not supported"
70186-BE,13.590,"Product Type is invalid or not supported"
70186-BK,13.590,"Product Type is invalid or not supported"
70186-GN,13.590,"Product Type is invalid or not supported"
70186-LBE,13.590,"Product Type is invalid or not supported"
70186-LGN,13.590,"Product Type is invalid or not supported"
70186-MG,13.590,"Product Type is invalid or not supported"
70186-OE,13.590,"Product Type is invalid or not supported"
70186-PE,13.590,"Product Type is invalid or not supported"
70186-RD,13.590,"Product Type is invalid or not supported"
70186-WE,13.590,"Product Type is invalid or not supported"
70186-YW,13.590,"Product Type is invalid or not supported"
70187-BK,49.950,"Product Type is invalid or not supported"
70187-WE,49.950,"Product Type is invalid or not supported"
70188-BK,26.490,"Product Type is invalid or not supported"
70188-WE,26.490,"Product Type is invalid or not supported"
70191,125.000,"Product Type is invalid or not supported"
70192,125.000,"Product Type is invalid or not supported"
70193-BK,41.950,"Product Type is invalid or not supported"
70193-WE,41.950,"Product Type is invalid or not supported"
70194-BK,13.590,"Product Type is invalid or not supported"
70194-WE,13.590,"Product Type is invalid or not supported"
70195-BK,51.950,"Product Type is invalid or not supported"
70195-SR,51.950,"Product Type is invalid or not supported"
70196-BE,37.590,"Product Type is invalid or not supported"
70196-SR,37.590,"Product Type is invalid or not supported"
70197-BE,37.590,"Product Type is invalid or not supported"
70197-SR,37.590,"Product Type is invalid or not supported"
70200-BE,17.790,"Product Type is invalid or not supported"
70200-BK,17.790,"Product Type is invalid or not supported"
70200-GN,17.790,"Product Type is invalid or not supported"
70200-LBE,17.790,"Product Type is invalid or not supported"
70200-LGN,17.790,"Product Type is invalid or not supported"
70200-MG,17.790,"Product Type is invalid or not supported"
70200-OE,17.790,"Product Type is invalid or not supported"
70200-PE,17.790,"Product Type is invalid or not supported"
70200-RD,17.790,"Product Type is invalid or not supported"
70200-WE,17.790,"Product Type is invalid or not supported"
70200-YW,17.790,"Product Type is invalid or not supported"
70201-BE,18.850,"Product Type is invalid or not supported"
70201-BK,18.850,"Product Type is invalid or not supported"
70201-GN,18.850,"Product Type is invalid or not supported"
70201-LBE,18.850,"Product Type is invalid or not supported"
70201-LGN,18.850,"Product Type is invalid or not supported"
70201-MG,18.850,"Product Type is invalid or not supported"
70201-OE,18.850,"Product Type is invalid or not supported"
70201-PE,18.850,"Product Type is invalid or not supported"
70201-RD,18.850,"Product Type is invalid or not supported"
70201-WE,18.850,"Product Type is invalid or not supported"
70201-YW,18.850,"Product Type is invalid or not supported"
70202-NGN,12.590,"Product Type is invalid or not supported"
70202-NOE,12.590,"Product Type is invalid or not supported"
70203-NGN,13.590,"Product Type is invalid or not supported"
70203-NOE,13.590,"Product Type is invalid or not supported"
70204,13.690,"Product Type is invalid or not supported"
70205,15.690,"Product Type is invalid or not supported"
70206-BE,16.890,"Product Type is invalid or not supported"
70206-BK,16.890,"Product Type is invalid or not supported"
70206-LBE,16.890,"Product Type is invalid or not supported"
70206-LGN,16.890,"Product Type is invalid or not supported"
70206-MG,16.890,"Product Type is invalid or not supported"
70206-OE,16.890,"Product Type is invalid or not supported"
70206-RD,16.890,"Product Type is invalid or not supported"
70206-WE,16.890,"Product Type is invalid or not supported"
70207-BE,18.890,"Product Type is invalid or not supported"
70207-BK,18.890,"Product Type is invalid or not supported"
70207-LBE,18.890,"Product Type is invalid or not supported"
70207-LGN,18.890,"Product Type is invalid or not supported"
70207-MG,18.890,"Product Type is invalid or not supported"
70207-OE,18.890,"Product Type is invalid or not supported"
70207-RD,18.890,"Product Type is invalid or not supported"
70207-WE,18.890,"Product Type is invalid or not supported"
70208,24.950,"Product Type is invalid or not supported"
70209,34.590,"Product Type is invalid or not supported"
70210-BEBE,11.950,"Product Type is invalid or not supported"
70210-BELGN,11.950,"Product Type is invalid or not supported"
70210-BEOE,11.950,"Product Type is invalid or not supported"
70210-BEYW,11.950,"Product Type is invalid or not supported"
70210-BKBK,11.950,"Product Type is invalid or not supported"
70210-BKLBE,11.950,"Product Type is invalid or not supported"
70210-BKOE,11.950,"Product Type is invalid or not supported"
70210-BKYW,11.950,"Product Type is invalid or not supported"
70210-RDBK,11.950,"Product Type is invalid or not supported"
70210-RDRD,11.950,"Product Type is invalid or not supported"
70210-WELGN,11.950,"Product Type is invalid or not supported"
70210-WEMG,11.950,"Product Type is invalid or not supported"
70210-WEOE,11.950,"Product Type is invalid or not supported"
70210-WEWE,11.950,"Product Type is invalid or not supported"
70211-BE,8.950,"Product Type is invalid or not supported"
70211-BK,8.950,"Product Type is invalid or not supported"
70211-LBE,8.950,"Product Type is invalid or not supported"
70211-LGN,8.950,"Product Type is invalid or not supported"
70211-MG,8.950,"Product Type is invalid or not supported"
70211-OE,8.950,"Product Type is invalid or not supported"
70211-RD,8.950,"Product Type is invalid or not supported"
70211-WE,8.950,"Product Type is invalid or not supported"
70212-WESR,9.590,"Product Type is invalid or not supported"
70213-BK,15.690,"Product Type is invalid or not supported"
70213-WE,15.690,"Product Type is invalid or not supported"
70215-BE,19.950,"Product Type is invalid or not supported"
70215-BE/WE/RD,19.950,"Product Type is invalid or not supported"
70215-BK,19.950,"Product Type is invalid or not supported"
70215-BK/GY/RD,19.950,"Product Type is invalid or not supported"
70215-LBE,19.950,"Product Type is invalid or not supported"
70215-LGN,19.950,"Product Type is invalid or not supported"
70215-MG,19.950,"Product Type is invalid or not supported"
70215-OE,19.950,"Product Type is invalid or not supported"
70215-RD,19.950,"Product Type is invalid or not supported"
70215-SR/BE/OE,19.950,"Product Type is invalid or not supported"
70215-SR/BN/RD,19.950,"Product Type is invalid or not supported"
70215-WE,19.950,"Product Type is invalid or not supported"
70215-YW,19.950,"Product Type is invalid or not supported"
70216,58.950,"Product Type is invalid or not supported"
70217,49.950,"Product Type is invalid or not supported"
70218,64.950,"Product Type is invalid or not supported"
70219,39.950,"Product Type is invalid or not supported"
70220,33.950,"Product Type is invalid or not supported"
70221,33.950,"Product Type is invalid or not supported"
70222,33.950,"Product Type is invalid or not supported"
70223,23.950,"Product Type is invalid or not supported"
70224,23.950,"Product Type is invalid or not supported"
70225,23.950,"Product Type is invalid or not supported"
70227,23.700,"Product Type is invalid or not supported"
70228-BK,8.500,"Product Type is invalid or not supported"
70228-MG,8.500,"Product Type is invalid or not supported"
70229,24.990,"Product Type is invalid or not supported"
70230,34.990,"Product Type is invalid or not supported"
70231-BE,44.990,"Product Type is invalid or not supported"
70231-BK,44.990,"Product Type is invalid or not supported"
70231-BN,44.990,"Product Type is invalid or not supported"
70231-LBE,44.990,"Product Type is invalid or not supported"
70231-LGN,44.990,"Product Type is invalid or not supported"
70231-OE,44.990,"Product Type is invalid or not supported"
"70380-BK 01",21.500,"Product Type is invalid or not supported"
"70380-SR 34",24.490,"Product Type is invalid or not supported"
"70380-WE 35",21.500,"Product Type is invalid or not supported"
"70420-BK 01",22.500,"Product Type is invalid or not supported"
"70420-SR 34",25.900,"Product Type is invalid or not supported"
"70420-WE 35",22.500,"Product Type is invalid or not supported"
70555-BE,9.350,"Product Type is invalid or not supported"
70555-BK,9.350,"Product Type is invalid or not supported"
70555-BN,9.350,"Product Type is invalid or not supported"
70555-GN,9.350,"Product Type is invalid or not supported"
70555-GY,9.350,"Product Type is invalid or not supported"
70555-LBE,9.350,"Product Type is invalid or not supported"
70555-LGN,9.350,"Product Type is invalid or not supported"
70555-MG,9.350,"Product Type is invalid or not supported"
70555-OE,9.350,"Product Type is invalid or not supported"
70555-PE,9.350,"Product Type is invalid or not supported"
70555-RD,9.350,"Product Type is invalid or not supported"
70555-WE,9.350,"Product Type is invalid or not supported"
70555-YW,9.350,"Product Type is invalid or not supported"
70777-SR,15.690,"Product Type is invalid or not supported"
70888-BE,13.590,"Product Type is invalid or not supported"
70888-BK,13.590,"Product Type is invalid or not supported"
70888-BN,13.590,"Product Type is invalid or not supported"
70888-GN,13.590,"Product Type is invalid or not supported"
70888-GY,13.590,"Product Type is invalid or not supported"
70888-LBE,13.590,"Product Type is invalid or not supported"
70888-LGN,13.590,"Product Type is invalid or not supported"
70888-MG,13.590,"Product Type is invalid or not supported"
70888-OE,13.590,"Product Type is invalid or not supported"
70888-PE,13.590,"Product Type is invalid or not supported"
70888-RD,13.590,"Product Type is invalid or not supported"
70888-WE,13.590,"Product Type is invalid or not supported"
70888-YW,13.590,"Product Type is invalid or not supported"
70999-BK,25.950,"Product Type is invalid or not supported"
70999-WE,25.950,"Product Type is invalid or not supported"
9010200,0.390,"Product Type is invalid or not supported"
FP50-700-712-904-906,3.660,"Product Type is invalid or not supported"
FP50-713-905-906,3.250,"Product Type is invalid or not supported"
WP02,1.030,"Product Type is invalid or not supported"
WP03,1.490,"Product Type is invalid or not supported"
WP04,2.300,"Product Type is invalid or not supported"
WP05,1.150,"Product Type is invalid or not supported"
WP07,5.200,"Product Type is invalid or not supported"
WP08,7.330,"Product Type is invalid or not supported"
WP09,23.090,"Product Type is invalid or not supported"
